-5,-4,jqpVFLKnjtaQ6jPPTomlQ+vZBnU=,hUKmsM7OY4iM6dJrNzE9WpjgljA=
-4,-5,jqpVFLKnjtaQ6jPPTomlQ+vZBnU=,6iwFbDA40qzvT/Rhg4vohct9cWw=
-5,-5,jqpVFLKnjtaQ6jPPTomlQ+vZBnU=,KOkOzb/Ghch1GtBShzWvYM7Z+Go=
-4,-4,jqpVFLKnjtaQ6jPPTomlQ+vZBnU=,EL+iAm/Szr0ZVrHXYw+4RXFtcZU=
-3,-5,i2YcE30NOH0i/4GHiOP8Jee8eus=,6iwFbDA40qzvT/Rhg4vohct9cWw=
-2,-5,uqgMozmRYoqNSWIEViK2NME2jwk=,SgyDsQiqnmiYCA7cz1z3zz0LAmk=
-2,-4,uqgMozmRYoqNSWIEViK2NME2jwk=,8OaYvbX6io0Fy0iHzbvZoLinPH8=
-3,-4,uqgMozmRYoqNSWIEViK2NME2jwk=,EL+iAm/Szr0ZVrHXYw+4RXFtcZU=
-3,-2,ykKztt/LsjP/bZ2rDm53v2bPBrY=,ipKg4exYuIw042yn2/GzQ99Zq/0=
-2,-2,ykKztt/LsjP/bZ2rDm53v2bPBrY=,b+2WHH7Sozx+d7W5oYsC8BkYLCA=
-2,-3,ykKztt/LsjP/bZ2rDm53v2bPBrY=,8OaYvbX6io0Fy0iHzbvZoLinPH8=
-3,-3,ykKztt/LsjP/bZ2rDm53v2bPBrY=,EL+iAm/Szr0ZVrHXYw+4RXFtcZU=
-6,-3,gtrlIQPy4/7hNWqVC+o6ld068NU=,hUKmsM7OY4iM6dJrNzE9WpjgljA=
-6,-4,gtrlIQPy4/7hNWqVC+o6ld068NU=,hUKmsM7OY4iM6dJrNzE9WpjgljA=
-6,-2,gtrlIQPy4/7hNWqVC+o6ld068NU=,qf89y2rIUvJ5zikif2l+wKMtgKI=
-5,-3,gtrlIQPy4/7hNWqVC+o6ld068NU=,hUKmsM7OY4iM6dJrNzE9WpjgljA=
-6,-5,gtrlIQPy4/7hNWqVC+o6ld068NU=,KOkOzb/Ghch1GtBShzWvYM7Z+Go=
-5,-2,gtrlIQPy4/7hNWqVC+o6ld068NU=,qf89y2rIUvJ5zikif2l+wKMtgKI=
-5,-1,wRL31zq0rvTLHQ900ExkCmc5t2U=,qf89y2rIUvJ5zikif2l+wKMtgKI=
-4,-3,wRL31zq0rvTLHQ900ExkCmc5t2U=,EL+iAm/Szr0ZVrHXYw+4RXFtcZU=
-4,-2,wRL31zq0rvTLHQ900ExkCmc5t2U=,ipKg4exYuIw042yn2/GzQ99Zq/0=
-4,-1,wRL31zq0rvTLHQ900ExkCmc5t2U=,ipKg4exYuIw042yn2/GzQ99Zq/0=
-3,-1,iezZJYjPJ3RBbe7DvaLm/xQr/6Q=,ipKg4exYuIw042yn2/GzQ99Zq/0=
-2,-1,iezZJYjPJ3RBbe7DvaLm/xQr/6Q=,b+2WHH7Sozx+d7W5oYsC8BkYLCA=
-1,-5,jBoEnB6Z9hbRiJycKafwnrMVvmk=,SgyDsQiqnmiYCA7cz1z3zz0LAmk=
-1,-4,aXK5BGU+qyjGZYY88nc6V+wJJdQ=,8OaYvbX6io0Fy0iHzbvZoLinPH8=
-1,-1,Te0bRwIGOIjSwF289kOvlRvomXo=,b+2WHH7Sozx+d7W5oYsC8BkYLCA=
-1,-2,Te0bRwIGOIjSwF289kOvlRvomXo=,b+2WHH7Sozx+d7W5oYsC8BkYLCA=
-1,-3,Te0bRwIGOIjSwF289kOvlRvomXo=,8OaYvbX6io0Fy0iHzbvZoLinPH8=
-3,-6,NDrCG5bDIes4ryUg2J4gHmz5KGY=,6iwFbDA40qzvT/Rhg4vohct9cWw=
-2,-6,NDrCG5bDIes4ryUg2J4gHmz5KGY=,SgyDsQiqnmiYCA7cz1z3zz0LAmk=
-1,-6,NDrCG5bDIes4ryUg2J4gHmz5KGY=,SgyDsQiqnmiYCA7cz1z3zz0LAmk=
-6,-1,NDrCG5bDIes4ryUg2J4gHmz5KGY=,qf89y2rIUvJ5zikif2l+wKMtgKI=
-4,-6,NDrCG5bDIes4ryUg2J4gHmz5KGY=,6iwFbDA40qzvT/Rhg4vohct9cWw=
-5,-6,NDrCG5bDIes4ryUg2J4gHmz5KGY=,KOkOzb/Ghch1GtBShzWvYM7Z+Go=
-6,-6,NDrCG5bDIes4ryUg2J4gHmz5KGY=,KOkOzb/Ghch1GtBShzWvYM7Z+Go=
