2,2,82ODWZt0NtNfcDKmc1bs77VtXcg=,U3Qv1x4PQOiJ1B7AaBLSE+P7xzY=
2,1,82ODWZt0NtNfcDKmc1bs77VtXcg=,FW+YOMKZ/qZ3eP80qpsmkjwRebE=
1,1,OyATi6iVIJzWWqnyCUNSN8avjGg=,CT4D3lS9+U+09yZttDvJAieYNik=
1,2,OyATi6iVIJzWWqnyCUNSN8avjGg=,lhgqqRAVqWSJORjitPT63QvcYas=
2,3,9nqNMlYzoThIhIEucNvDqQrHsc0=,U3Qv1x4PQOiJ1B7AaBLSE+P7xzY=
1,4,9nqNMlYzoThIhIEucNvDqQrHsc0=,OqBclPeTvw1sLPDb3ILscUHIrjY=
2,4,9nqNMlYzoThIhIEucNvDqQrHsc0=,UQnWDU1Mwa6ZWLuAgC3H5rGDcAg=
1,3,9nqNMlYzoThIhIEucNvDqQrHsc0=,lhgqqRAVqWSJORjitPT63QvcYas=
3,4,rLdzWI/Oas5M2kQRlAWxRBk9Hwk=,UQnWDU1Mwa6ZWLuAgC3H5rGDcAg=
4,4,w/bmv3o+086AKJ03QlkwmqG28F0=,9FnJsFpULJqZIUQWk33osA+S3SE=
4,3,w/bmv3o+086AKJ03QlkwmqG28F0=,YFmefNIM2feWnRTfZK3WYhYA3v4=
3,3,w/bmv3o+086AKJ03QlkwmqG28F0=,U3Qv1x4PQOiJ1B7AaBLSE+P7xzY=
4,2,SlVB3VoSOyWVhAmmUeshONQGh/M=,YFmefNIM2feWnRTfZK3WYhYA3v4=
4,1,SlVB3VoSOyWVhAmmUeshONQGh/M=,0l0vkidCVoc583LDz6USRFb9UHk=
3,1,9zoB26kJ1C9DbOE54WwZ6QyNyOk=,FW+YOMKZ/qZ3eP80qpsmkjwRebE=
3,2,9zoB26kJ1C9DbOE54WwZ6QyNyOk=,U3Qv1x4PQOiJ1B7AaBLSE+P7xzY=
5,1,9zoB26kJ1C9DbOE54WwZ6QyNyOk=,0l0vkidCVoc583LDz6USRFb9UHk=
5,2,eFvSvypszAXv2QV2M/O0++5UBcE=,YFmefNIM2feWnRTfZK3WYhYA3v4=
5,0,Hgd9Yd1b87ehna7K4bKE8Ha+Kko=,0l0vkidCVoc583LDz6USRFb9UHk=
4,0,1hgYmNrIs2/mmcOGosYs5Qir8yk=,0l0vkidCVoc583LDz6USRFb9UHk=
3,0,1hgYmNrIs2/mmcOGosYs5Qir8yk=,FW+YOMKZ/qZ3eP80qpsmkjwRebE=
2,0,1hgYmNrIs2/mmcOGosYs5Qir8yk=,FW+YOMKZ/qZ3eP80qpsmkjwRebE=
1,0,1hgYmNrIs2/mmcOGosYs5Qir8yk=,CT4D3lS9+U+09yZttDvJAieYNik=
0,2,t5ITGvv7l2XlPCydz5BppNpoD3U=,lhgqqRAVqWSJORjitPT63QvcYas=
0,0,S0jQofvd0u/bQtY0W/2NP8Fehe0=,CT4D3lS9+U+09yZttDvJAieYNik=
0,1,yTwmJWp+SGcKSHSh0DxC4Ub8gV0=,CT4D3lS9+U+09yZttDvJAieYNik=
0,3,yTwmJWp+SGcKSHSh0DxC4Ub8gV0=,lhgqqRAVqWSJORjitPT63QvcYas=
0,4,yTwmJWp+SGcKSHSh0DxC4Ub8gV0=,OqBclPeTvw1sLPDb3ILscUHIrjY=
4,5,yTwmJWp+SGcKSHSh0DxC4Ub8gV0=,9FnJsFpULJqZIUQWk33osA+S3SE=
3,5,/OVzAMhX0uF0Ap/Kdpx853LE/iE=,UQnWDU1Mwa6ZWLuAgC3H5rGDcAg=
2,5,/OVzAMhX0uF0Ap/Kdpx853LE/iE=,UQnWDU1Mwa6ZWLuAgC3H5rGDcAg=
0,5,TG0OA7onqEHWJaW4dQNSNuY1hrE=,OqBclPeTvw1sLPDb3ILscUHIrjY=
1,5,TG0OA7onqEHWJaW4dQNSNuY1hrE=,OqBclPeTvw1sLPDb3ILscUHIrjY=
5,5,TG0OA7onqEHWJaW4dQNSNuY1hrE=,9FnJsFpULJqZIUQWk33osA+S3SE=
5,3,TG0OA7onqEHWJaW4dQNSNuY1hrE=,YFmefNIM2feWnRTfZK3WYhYA3v4=
5,4,JiVLYiVebYpIPO8i49QbgTTw2GE=,9FnJsFpULJqZIUQWk33osA+S3SE=
