-17,7,2BnmU+w6ZBDAY9l2hDwsEJWwSc0=,n9bwaGb7Cdu+9x/m5wrsSMjwDOs=
-19,4,St0FVuYoxjsRSTyUGJIsH6a1MIk=,n9bwaGb7Cdu+9x/m5wrsSMjwDOs=
-19,6,St0FVuYoxjsRSTyUGJIsH6a1MIk=,n9bwaGb7Cdu+9x/m5wrsSMjwDOs=
-18,6,St0FVuYoxjsRSTyUGJIsH6a1MIk=,n9bwaGb7Cdu+9x/m5wrsSMjwDOs=
-18,4,St0FVuYoxjsRSTyUGJIsH6a1MIk=,n9bwaGb7Cdu+9x/m5wrsSMjwDOs=
-18,11,LnhI51I4boN3x0MzNF3UDpJrtCA=,sPNdBXvxLupLzvKhPS0SA2yKN3g=
-18,7,JMAtm9zifKnc/s63E/8l4jp3ocs=,n9bwaGb7Cdu+9x/m5wrsSMjwDOs=
-18,9,TyczHXdWFR9hRkAlxOkcjj62ffU=,sPNdBXvxLupLzvKhPS0SA2yKN3g=
-19,5,LnhI51I4boN3x0MzNF3UDpJrtCA=,n9bwaGb7Cdu+9x/m5wrsSMjwDOs=
-17,9,TyczHXdWFR9hRkAlxOkcjj62ffU=,sPNdBXvxLupLzvKhPS0SA2yKN3g=
-17,6,St0FVuYoxjsRSTyUGJIsH6a1MIk=,n9bwaGb7Cdu+9x/m5wrsSMjwDOs=
-17,4,LnhI51I4boN3x0MzNF3UDpJrtCA=,n9bwaGb7Cdu+9x/m5wrsSMjwDOs=
-19,9,LnhI51I4boN3x0MzNF3UDpJrtCA=,sPNdBXvxLupLzvKhPS0SA2yKN3g=
-19,8,TyczHXdWFR9hRkAlxOkcjj62ffU=,sPNdBXvxLupLzvKhPS0SA2yKN3g=
-17,10,TyczHXdWFR9hRkAlxOkcjj62ffU=,sPNdBXvxLupLzvKhPS0SA2yKN3g=
-18,8,TyczHXdWFR9hRkAlxOkcjj62ffU=,sPNdBXvxLupLzvKhPS0SA2yKN3g=
-19,11,LnhI51I4boN3x0MzNF3UDpJrtCA=,sPNdBXvxLupLzvKhPS0SA2yKN3g=
-19,7,JMAtm9zifKnc/s63E/8l4jp3ocs=,n9bwaGb7Cdu+9x/m5wrsSMjwDOs=
-17,8,TyczHXdWFR9hRkAlxOkcjj62ffU=,sPNdBXvxLupLzvKhPS0SA2yKN3g=
-18,5,LnhI51I4boN3x0MzNF3UDpJrtCA=,n9bwaGb7Cdu+9x/m5wrsSMjwDOs=
-17,5,LnhI51I4boN3x0MzNF3UDpJrtCA=,n9bwaGb7Cdu+9x/m5wrsSMjwDOs=
-17,11,LnhI51I4boN3x0MzNF3UDpJrtCA=,sPNdBXvxLupLzvKhPS0SA2yKN3g=
-19,0,JMAtm9zifKnc/s63E/8l4jp3ocs=,n9bwaGb7Cdu+9x/m5wrsSMjwDOs=
-17,0,JMAtm9zifKnc/s63E/8l4jp3ocs=,n9bwaGb7Cdu+9x/m5wrsSMjwDOs=
-19,1,JMAtm9zifKnc/s63E/8l4jp3ocs=,n9bwaGb7Cdu+9x/m5wrsSMjwDOs=
-18,0,JMAtm9zifKnc/s63E/8l4jp3ocs=,n9bwaGb7Cdu+9x/m5wrsSMjwDOs=
-18,10,TyczHXdWFR9hRkAlxOkcjj62ffU=,sPNdBXvxLupLzvKhPS0SA2yKN3g=
-19,10,TyczHXdWFR9hRkAlxOkcjj62ffU=,sPNdBXvxLupLzvKhPS0SA2yKN3g=
-18,1,TyczHXdWFR9hRkAlxOkcjj62ffU=,n9bwaGb7Cdu+9x/m5wrsSMjwDOs=
-17,3,JMAtm9zifKnc/s63E/8l4jp3ocs=,n9bwaGb7Cdu+9x/m5wrsSMjwDOs=
-19,2,St0FVuYoxjsRSTyUGJIsH6a1MIk=,n9bwaGb7Cdu+9x/m5wrsSMjwDOs=
-17,1,TyczHXdWFR9hRkAlxOkcjj62ffU=,n9bwaGb7Cdu+9x/m5wrsSMjwDOs=
-18,2,St0FVuYoxjsRSTyUGJIsH6a1MIk=,n9bwaGb7Cdu+9x/m5wrsSMjwDOs=
-17,2,St0FVuYoxjsRSTyUGJIsH6a1MIk=,n9bwaGb7Cdu+9x/m5wrsSMjwDOs=
-19,3,St0FVuYoxjsRSTyUGJIsH6a1MIk=,n9bwaGb7Cdu+9x/m5wrsSMjwDOs=
-19,12,St0FVuYoxjsRSTyUGJIsH6a1MIk=,sPNdBXvxLupLzvKhPS0SA2yKN3g=
-18,3,JMAtm9zifKnc/s63E/8l4jp3ocs=,n9bwaGb7Cdu+9x/m5wrsSMjwDOs=
-19,13,St0FVuYoxjsRSTyUGJIsH6a1MIk=,sPNdBXvxLupLzvKhPS0SA2yKN3g=
-18,13,TyczHXdWFR9hRkAlxOkcjj62ffU=,sPNdBXvxLupLzvKhPS0SA2yKN3g=
-18,12,TyczHXdWFR9hRkAlxOkcjj62ffU=,sPNdBXvxLupLzvKhPS0SA2yKN3g=
-18,15,TyczHXdWFR9hRkAlxOkcjj62ffU=,sPNdBXvxLupLzvKhPS0SA2yKN3g=
-19,14,LnhI51I4boN3x0MzNF3UDpJrtCA=,sPNdBXvxLupLzvKhPS0SA2yKN3g=
-19,15,TyczHXdWFR9hRkAlxOkcjj62ffU=,sPNdBXvxLupLzvKhPS0SA2yKN3g=
-17,12,TyczHXdWFR9hRkAlxOkcjj62ffU=,sPNdBXvxLupLzvKhPS0SA2yKN3g=
-18,14,TyczHXdWFR9hRkAlxOkcjj62ffU=,sPNdBXvxLupLzvKhPS0SA2yKN3g=
-17,15,TyczHXdWFR9hRkAlxOkcjj62ffU=,sPNdBXvxLupLzvKhPS0SA2yKN3g=
-17,13,TyczHXdWFR9hRkAlxOkcjj62ffU=,sPNdBXvxLupLzvKhPS0SA2yKN3g=
-17,14,TyczHXdWFR9hRkAlxOkcjj62ffU=,sPNdBXvxLupLzvKhPS0SA2yKN3g=
-19,17,7MPGB7jf1zz+puMohvOTuy1Eycw=,e9jh1B9zsOvlkSN9B3cS9BmliWA=
-19,16,ML6S5To8Ban3CuXUIOqhmVLUFfI=,e9jh1B9zsOvlkSN9B3cS9BmliWA=
-19,18,ML6S5To8Ban3CuXUIOqhmVLUFfI=,e9jh1B9zsOvlkSN9B3cS9BmliWA=
-18,18,ML6S5To8Ban3CuXUIOqhmVLUFfI=,e9jh1B9zsOvlkSN9B3cS9BmliWA=
-17,16,ML6S5To8Ban3CuXUIOqhmVLUFfI=,e9jh1B9zsOvlkSN9B3cS9BmliWA=
-18,16,Li+eovyHUJ++berfSu4YCshKAN8=,e9jh1B9zsOvlkSN9B3cS9BmliWA=
-18,17,ML6S5To8Ban3CuXUIOqhmVLUFfI=,e9jh1B9zsOvlkSN9B3cS9BmliWA=
-17,18,ML6S5To8Ban3CuXUIOqhmVLUFfI=,e9jh1B9zsOvlkSN9B3cS9BmliWA=
-17,17,ML6S5To8Ban3CuXUIOqhmVLUFfI=,e9jh1B9zsOvlkSN9B3cS9BmliWA=
-8,17,l+1wOIm/KQPasderaOA3bTHXZDc=,lJ9+PuU+TAUweOQcmusyt1cqmNA=
-1,16,Cu2OqelcHUe1D0c3hkAQwJ+2sIE=,lJ9+PuU+TAUweOQcmusyt1cqmNA=
-2,18,i56VVlW/Ux1J6PdApAAOeb27jbc=,lJ9+PuU+TAUweOQcmusyt1cqmNA=
-3,18,i56VVlW/Ux1J6PdApAAOeb27jbc=,lJ9+PuU+TAUweOQcmusyt1cqmNA=
-11,16,i56VVlW/Ux1J6PdApAAOeb27jbc=,nmjufw1/D70V/7Rwv2KOrAZE4cI=
-16,16,Cu2OqelcHUe1D0c3hkAQwJ+2sIE=,nmjufw1/D70V/7Rwv2KOrAZE4cI=
-4,18,i56VVlW/Ux1J6PdApAAOeb27jbc=,lJ9+PuU+TAUweOQcmusyt1cqmNA=
-11,18,i56VVlW/Ux1J6PdApAAOeb27jbc=,nmjufw1/D70V/7Rwv2KOrAZE4cI=
-1,18,Cu2OqelcHUe1D0c3hkAQwJ+2sIE=,lJ9+PuU+TAUweOQcmusyt1cqmNA=
-1,17,Cu2OqelcHUe1D0c3hkAQwJ+2sIE=,lJ9+PuU+TAUweOQcmusyt1cqmNA=
-8,18,i56VVlW/Ux1J6PdApAAOeb27jbc=,lJ9+PuU+TAUweOQcmusyt1cqmNA=
-11,17,l+1wOIm/KQPasderaOA3bTHXZDc=,nmjufw1/D70V/7Rwv2KOrAZE4cI=
-10,17,Cu2OqelcHUe1D0c3hkAQwJ+2sIE=,nmjufw1/D70V/7Rwv2KOrAZE4cI=
-2,17,Cu2OqelcHUe1D0c3hkAQwJ+2sIE=,lJ9+PuU+TAUweOQcmusyt1cqmNA=
-3,17,Cu2OqelcHUe1D0c3hkAQwJ+2sIE=,lJ9+PuU+TAUweOQcmusyt1cqmNA=
-4,16,aCvqFEN6og9tvNYMiEToz/5dnY0=,lJ9+PuU+TAUweOQcmusyt1cqmNA=
-9,17,a9OTB+Fe2+OENljk29dlSKnHkSM=,nmjufw1/D70V/7Rwv2KOrAZE4cI=
-2,16,l+1wOIm/KQPasderaOA3bTHXZDc=,lJ9+PuU+TAUweOQcmusyt1cqmNA=
-4,17,Cu2OqelcHUe1D0c3hkAQwJ+2sIE=,lJ9+PuU+TAUweOQcmusyt1cqmNA=
-3,16,aCvqFEN6og9tvNYMiEToz/5dnY0=,lJ9+PuU+TAUweOQcmusyt1cqmNA=
-10,16,aCvqFEN6og9tvNYMiEToz/5dnY0=,nmjufw1/D70V/7Rwv2KOrAZE4cI=
-8,16,l+1wOIm/KQPasderaOA3bTHXZDc=,lJ9+PuU+TAUweOQcmusyt1cqmNA=
-12,16,aCvqFEN6og9tvNYMiEToz/5dnY0=,nmjufw1/D70V/7Rwv2KOrAZE4cI=
-12,17,aCvqFEN6og9tvNYMiEToz/5dnY0=,nmjufw1/D70V/7Rwv2KOrAZE4cI=
-9,16,a9OTB+Fe2+OENljk29dlSKnHkSM=,nmjufw1/D70V/7Rwv2KOrAZE4cI=
-15,17,l+1wOIm/KQPasderaOA3bTHXZDc=,nmjufw1/D70V/7Rwv2KOrAZE4cI=
-7,18,l+1wOIm/KQPasderaOA3bTHXZDc=,lJ9+PuU+TAUweOQcmusyt1cqmNA=
-7,17,a9OTB+Fe2+OENljk29dlSKnHkSM=,lJ9+PuU+TAUweOQcmusyt1cqmNA=
-5,17,Cu2OqelcHUe1D0c3hkAQwJ+2sIE=,lJ9+PuU+TAUweOQcmusyt1cqmNA=
-9,18,a9OTB+Fe2+OENljk29dlSKnHkSM=,nmjufw1/D70V/7Rwv2KOrAZE4cI=
-10,18,i56VVlW/Ux1J6PdApAAOeb27jbc=,nmjufw1/D70V/7Rwv2KOrAZE4cI=
-6,17,a9OTB+Fe2+OENljk29dlSKnHkSM=,lJ9+PuU+TAUweOQcmusyt1cqmNA=
-5,16,aCvqFEN6og9tvNYMiEToz/5dnY0=,lJ9+PuU+TAUweOQcmusyt1cqmNA=
-6,16,i56VVlW/Ux1J6PdApAAOeb27jbc=,lJ9+PuU+TAUweOQcmusyt1cqmNA=
-7,16,l+1wOIm/KQPasderaOA3bTHXZDc=,lJ9+PuU+TAUweOQcmusyt1cqmNA=
-12,18,i56VVlW/Ux1J6PdApAAOeb27jbc=,nmjufw1/D70V/7Rwv2KOrAZE4cI=
-6,18,l+1wOIm/KQPasderaOA3bTHXZDc=,lJ9+PuU+TAUweOQcmusyt1cqmNA=
-5,18,l+1wOIm/KQPasderaOA3bTHXZDc=,lJ9+PuU+TAUweOQcmusyt1cqmNA=
-14,18,l+1wOIm/KQPasderaOA3bTHXZDc=,nmjufw1/D70V/7Rwv2KOrAZE4cI=
-16,18,Cu2OqelcHUe1D0c3hkAQwJ+2sIE=,nmjufw1/D70V/7Rwv2KOrAZE4cI=
-13,18,l+1wOIm/KQPasderaOA3bTHXZDc=,nmjufw1/D70V/7Rwv2KOrAZE4cI=
-15,16,l+1wOIm/KQPasderaOA3bTHXZDc=,nmjufw1/D70V/7Rwv2KOrAZE4cI=
-15,18,aCvqFEN6og9tvNYMiEToz/5dnY0=,nmjufw1/D70V/7Rwv2KOrAZE4cI=
-16,17,i56VVlW/Ux1J6PdApAAOeb27jbc=,nmjufw1/D70V/7Rwv2KOrAZE4cI=
-13,17,aCvqFEN6og9tvNYMiEToz/5dnY0=,nmjufw1/D70V/7Rwv2KOrAZE4cI=
-13,16,i56VVlW/Ux1J6PdApAAOeb27jbc=,nmjufw1/D70V/7Rwv2KOrAZE4cI=
-14,17,l+1wOIm/KQPasderaOA3bTHXZDc=,nmjufw1/D70V/7Rwv2KOrAZE4cI=
-14,16,l+1wOIm/KQPasderaOA3bTHXZDc=,nmjufw1/D70V/7Rwv2KOrAZE4cI=
-10,7,sg+CVoSAIHfAp03MaRWgK178FJM=,iy9UQOhP3sKjzHK1663QZitBtss=
-11,7,6yVZRB4QQvBiUCggk/Y4FtqI07M=,iy9UQOhP3sKjzHK1663QZitBtss=
-12,7,6yVZRB4QQvBiUCggk/Y4FtqI07M=,iy9UQOhP3sKjzHK1663QZitBtss=
-9,7,sg+CVoSAIHfAp03MaRWgK178FJM=,iy9UQOhP3sKjzHK1663QZitBtss=
-1,7,V8GLL07YshFeOB1B8NJwUGoLUCg=,mzdcDxrn8RilwOmsDQyBRtYv4zs=
-2,7,hYxjQaXaWvbgNU2Lz+49OxhEMnQ=,mzdcDxrn8RilwOmsDQyBRtYv4zs=
-8,7,sg+CVoSAIHfAp03MaRWgK178FJM=,mzdcDxrn8RilwOmsDQyBRtYv4zs=
-8,9,sg+CVoSAIHfAp03MaRWgK178FJM=,50z42IE7YFXeT8vjMu+k051j6vE=
-6,10,V8GLL07YshFeOB1B8NJwUGoLUCg=,50z42IE7YFXeT8vjMu+k051j6vE=
-7,10,V8GLL07YshFeOB1B8NJwUGoLUCg=,50z42IE7YFXeT8vjMu+k051j6vE=
-5,10,V8GLL07YshFeOB1B8NJwUGoLUCg=,50z42IE7YFXeT8vjMu+k051j6vE=
-9,8,sg+CVoSAIHfAp03MaRWgK178FJM=,N45TytyRPjv/eIi/2s0GWko2fWI=
-3,7,hYxjQaXaWvbgNU2Lz+49OxhEMnQ=,mzdcDxrn8RilwOmsDQyBRtYv4zs=
-8,8,sg+CVoSAIHfAp03MaRWgK178FJM=,50z42IE7YFXeT8vjMu+k051j6vE=
-5,7,6yVZRB4QQvBiUCggk/Y4FtqI07M=,mzdcDxrn8RilwOmsDQyBRtYv4zs=
-10,8,sg+CVoSAIHfAp03MaRWgK178FJM=,N45TytyRPjv/eIi/2s0GWko2fWI=
-8,11,6yVZRB4QQvBiUCggk/Y4FtqI07M=,50z42IE7YFXeT8vjMu+k051j6vE=
-12,9,6yVZRB4QQvBiUCggk/Y4FtqI07M=,N45TytyRPjv/eIi/2s0GWko2fWI=
-4,7,hYxjQaXaWvbgNU2Lz+49OxhEMnQ=,mzdcDxrn8RilwOmsDQyBRtYv4zs=
-6,7,6yVZRB4QQvBiUCggk/Y4FtqI07M=,mzdcDxrn8RilwOmsDQyBRtYv4zs=
-11,8,sg+CVoSAIHfAp03MaRWgK178FJM=,N45TytyRPjv/eIi/2s0GWko2fWI=
-8,10,6yVZRB4QQvBiUCggk/Y4FtqI07M=,50z42IE7YFXeT8vjMu+k051j6vE=
-1,5,V8GLL07YshFeOB1B8NJwUGoLUCg=,mzdcDxrn8RilwOmsDQyBRtYv4zs=
-7,7,V8GLL07YshFeOB1B8NJwUGoLUCg=,mzdcDxrn8RilwOmsDQyBRtYv4zs=
-9,15,n+i6MGydqtrNcSpN/5s/oaqwZfQ=,N45TytyRPjv/eIi/2s0GWko2fWI=
-9,11,sg+CVoSAIHfAp03MaRWgK178FJM=,N45TytyRPjv/eIi/2s0GWko2fWI=
-2,5,n+i6MGydqtrNcSpN/5s/oaqwZfQ=,mzdcDxrn8RilwOmsDQyBRtYv4zs=
-5,8,6yVZRB4QQvBiUCggk/Y4FtqI07M=,50z42IE7YFXeT8vjMu+k051j6vE=
-12,4,n+i6MGydqtrNcSpN/5s/oaqwZfQ=,iy9UQOhP3sKjzHK1663QZitBtss=
-10,15,n+i6MGydqtrNcSpN/5s/oaqwZfQ=,N45TytyRPjv/eIi/2s0GWko2fWI=
-10,11,sg+CVoSAIHfAp03MaRWgK178FJM=,N45TytyRPjv/eIi/2s0GWko2fWI=
-12,6,hGC6QHP50qbSWVrpkfQfw153lms=,iy9UQOhP3sKjzHK1663QZitBtss=
-3,5,n+i6MGydqtrNcSpN/5s/oaqwZfQ=,mzdcDxrn8RilwOmsDQyBRtYv4zs=
-7,9,hGC6QHP50qbSWVrpkfQfw153lms=,50z42IE7YFXeT8vjMu+k051j6vE=
-8,15,n+i6MGydqtrNcSpN/5s/oaqwZfQ=,50z42IE7YFXeT8vjMu+k051j6vE=
-10,6,n+i6MGydqtrNcSpN/5s/oaqwZfQ=,iy9UQOhP3sKjzHK1663QZitBtss=
-11,6,n+i6MGydqtrNcSpN/5s/oaqwZfQ=,iy9UQOhP3sKjzHK1663QZitBtss=
-8,4,n+i6MGydqtrNcSpN/5s/oaqwZfQ=,mzdcDxrn8RilwOmsDQyBRtYv4zs=
-9,6,V8GLL07YshFeOB1B8NJwUGoLUCg=,iy9UQOhP3sKjzHK1663QZitBtss=
-11,11,hGC6QHP50qbSWVrpkfQfw153lms=,N45TytyRPjv/eIi/2s0GWko2fWI=
-4,5,n+i6MGydqtrNcSpN/5s/oaqwZfQ=,mzdcDxrn8RilwOmsDQyBRtYv4zs=
-6,8,6yVZRB4QQvBiUCggk/Y4FtqI07M=,50z42IE7YFXeT8vjMu+k051j6vE=
-11,4,n+i6MGydqtrNcSpN/5s/oaqwZfQ=,iy9UQOhP3sKjzHK1663QZitBtss=
-8,5,n+i6MGydqtrNcSpN/5s/oaqwZfQ=,mzdcDxrn8RilwOmsDQyBRtYv4zs=
-12,5,hGC6QHP50qbSWVrpkfQfw153lms=,iy9UQOhP3sKjzHK1663QZitBtss=
-11,5,n+i6MGydqtrNcSpN/5s/oaqwZfQ=,iy9UQOhP3sKjzHK1663QZitBtss=
-11,15,n+i6MGydqtrNcSpN/5s/oaqwZfQ=,N45TytyRPjv/eIi/2s0GWko2fWI=
-1,4,V8GLL07YshFeOB1B8NJwUGoLUCg=,mzdcDxrn8RilwOmsDQyBRtYv4zs=
-9,4,V8GLL07YshFeOB1B8NJwUGoLUCg=,iy9UQOhP3sKjzHK1663QZitBtss=
-10,4,n+i6MGydqtrNcSpN/5s/oaqwZfQ=,iy9UQOhP3sKjzHK1663QZitBtss=
-7,8,V8GLL07YshFeOB1B8NJwUGoLUCg=,50z42IE7YFXeT8vjMu+k051j6vE=
-9,5,n+i6MGydqtrNcSpN/5s/oaqwZfQ=,iy9UQOhP3sKjzHK1663QZitBtss=
-10,5,n+i6MGydqtrNcSpN/5s/oaqwZfQ=,iy9UQOhP3sKjzHK1663QZitBtss=
-12,11,hGC6QHP50qbSWVrpkfQfw153lms=,N45TytyRPjv/eIi/2s0GWko2fWI=
-2,4,n+i6MGydqtrNcSpN/5s/oaqwZfQ=,mzdcDxrn8RilwOmsDQyBRtYv4zs=
-5,6,V8GLL07YshFeOB1B8NJwUGoLUCg=,mzdcDxrn8RilwOmsDQyBRtYv4zs=
-6,9,hGC6QHP50qbSWVrpkfQfw153lms=,50z42IE7YFXeT8vjMu+k051j6vE=
-5,5,hGC6QHP50qbSWVrpkfQfw153lms=,mzdcDxrn8RilwOmsDQyBRtYv4zs=
-6,6,V8GLL07YshFeOB1B8NJwUGoLUCg=,mzdcDxrn8RilwOmsDQyBRtYv4zs=
-7,6,hGC6QHP50qbSWVrpkfQfw153lms=,mzdcDxrn8RilwOmsDQyBRtYv4zs=
-8,6,hGC6QHP50qbSWVrpkfQfw153lms=,mzdcDxrn8RilwOmsDQyBRtYv4zs=
-6,5,hGC6QHP50qbSWVrpkfQfw153lms=,mzdcDxrn8RilwOmsDQyBRtYv4zs=
-7,5,n+i6MGydqtrNcSpN/5s/oaqwZfQ=,mzdcDxrn8RilwOmsDQyBRtYv4zs=
-5,4,n+i6MGydqtrNcSpN/5s/oaqwZfQ=,mzdcDxrn8RilwOmsDQyBRtYv4zs=
-6,4,n+i6MGydqtrNcSpN/5s/oaqwZfQ=,mzdcDxrn8RilwOmsDQyBRtYv4zs=
-3,4,n+i6MGydqtrNcSpN/5s/oaqwZfQ=,mzdcDxrn8RilwOmsDQyBRtYv4zs=
-12,15,hYxjQaXaWvbgNU2Lz+49OxhEMnQ=,N45TytyRPjv/eIi/2s0GWko2fWI=
-12,8,sg+CVoSAIHfAp03MaRWgK178FJM=,N45TytyRPjv/eIi/2s0GWko2fWI=
-7,4,n+i6MGydqtrNcSpN/5s/oaqwZfQ=,mzdcDxrn8RilwOmsDQyBRtYv4zs=
-5,9,hGC6QHP50qbSWVrpkfQfw153lms=,50z42IE7YFXeT8vjMu+k051j6vE=
-4,4,hYxjQaXaWvbgNU2Lz+49OxhEMnQ=,mzdcDxrn8RilwOmsDQyBRtYv4zs=
-5,15,hYxjQaXaWvbgNU2Lz+49OxhEMnQ=,50z42IE7YFXeT8vjMu+k051j6vE=
-5,11,V8GLL07YshFeOB1B8NJwUGoLUCg=,50z42IE7YFXeT8vjMu+k051j6vE=
-9,10,6yVZRB4QQvBiUCggk/Y4FtqI07M=,N45TytyRPjv/eIi/2s0GWko2fWI=
-9,0,V8GLL07YshFeOB1B8NJwUGoLUCg=,iy9UQOhP3sKjzHK1663QZitBtss=
-1,6,V8GLL07YshFeOB1B8NJwUGoLUCg=,mzdcDxrn8RilwOmsDQyBRtYv4zs=
-6,11,sg+CVoSAIHfAp03MaRWgK178FJM=,50z42IE7YFXeT8vjMu+k051j6vE=
-6,15,hYxjQaXaWvbgNU2Lz+49OxhEMnQ=,50z42IE7YFXeT8vjMu+k051j6vE=
-10,0,6yVZRB4QQvBiUCggk/Y4FtqI07M=,iy9UQOhP3sKjzHK1663QZitBtss=
-11,9,6yVZRB4QQvBiUCggk/Y4FtqI07M=,N45TytyRPjv/eIi/2s0GWko2fWI=
-10,10,6yVZRB4QQvBiUCggk/Y4FtqI07M=,N45TytyRPjv/eIi/2s0GWko2fWI=
-7,15,Ff5m3kQGfYbpzh4qUYIcB6n/UE0=,50z42IE7YFXeT8vjMu+k051j6vE=
-7,11,sg+CVoSAIHfAp03MaRWgK178FJM=,50z42IE7YFXeT8vjMu+k051j6vE=
-2,6,hGC6QHP50qbSWVrpkfQfw153lms=,mzdcDxrn8RilwOmsDQyBRtYv4zs=
-11,0,6yVZRB4QQvBiUCggk/Y4FtqI07M=,iy9UQOhP3sKjzHK1663QZitBtss=
-16,5,hYxjQaXaWvbgNU2Lz+49OxhEMnQ=,iy9UQOhP3sKjzHK1663QZitBtss=
-11,10,6yVZRB4QQvBiUCggk/Y4FtqI07M=,N45TytyRPjv/eIi/2s0GWko2fWI=
-10,9,6yVZRB4QQvBiUCggk/Y4FtqI07M=,N45TytyRPjv/eIi/2s0GWko2fWI=
-16,0,hYxjQaXaWvbgNU2Lz+49OxhEMnQ=,iy9UQOhP3sKjzHK1663QZitBtss=
-12,0,6yVZRB4QQvBiUCggk/Y4FtqI07M=,iy9UQOhP3sKjzHK1663QZitBtss=
-9,14,Ff5m3kQGfYbpzh4qUYIcB6n/UE0=,N45TytyRPjv/eIi/2s0GWko2fWI=
-14,2,Ff5m3kQGfYbpzh4qUYIcB6n/UE0=,iy9UQOhP3sKjzHK1663QZitBtss=
-9,9,6yVZRB4QQvBiUCggk/Y4FtqI07M=,N45TytyRPjv/eIi/2s0GWko2fWI=
-13,2,Ff5m3kQGfYbpzh4qUYIcB6n/UE0=,iy9UQOhP3sKjzHK1663QZitBtss=
-8,0,V8GLL07YshFeOB1B8NJwUGoLUCg=,mzdcDxrn8RilwOmsDQyBRtYv4zs=
-15,1,hYxjQaXaWvbgNU2Lz+49OxhEMnQ=,iy9UQOhP3sKjzHK1663QZitBtss=
-12,10,6yVZRB4QQvBiUCggk/Y4FtqI07M=,N45TytyRPjv/eIi/2s0GWko2fWI=
-16,4,fJZmrXtQg3+Tn2FLqm4uOoBgK30=,iy9UQOhP3sKjzHK1663QZitBtss=
-16,2,Ff5m3kQGfYbpzh4qUYIcB6n/UE0=,iy9UQOhP3sKjzHK1663QZitBtss=
-3,6,hGC6QHP50qbSWVrpkfQfw153lms=,mzdcDxrn8RilwOmsDQyBRtYv4zs=
-10,14,Ff5m3kQGfYbpzh4qUYIcB6n/UE0=,N45TytyRPjv/eIi/2s0GWko2fWI=
-16,3,hYxjQaXaWvbgNU2Lz+49OxhEMnQ=,iy9UQOhP3sKjzHK1663QZitBtss=
-16,1,hYxjQaXaWvbgNU2Lz+49OxhEMnQ=,iy9UQOhP3sKjzHK1663QZitBtss=
-15,0,hYxjQaXaWvbgNU2Lz+49OxhEMnQ=,iy9UQOhP3sKjzHK1663QZitBtss=
-1,15,fJZmrXtQg3+Tn2FLqm4uOoBgK30=,50z42IE7YFXeT8vjMu+k051j6vE=
-4,6,hGC6QHP50qbSWVrpkfQfw153lms=,mzdcDxrn8RilwOmsDQyBRtYv4zs=
-5,0,V8GLL07YshFeOB1B8NJwUGoLUCg=,mzdcDxrn8RilwOmsDQyBRtYv4zs=
-16,6,Ff5m3kQGfYbpzh4qUYIcB6n/UE0=,iy9UQOhP3sKjzHK1663QZitBtss=
-14,3,Ff5m3kQGfYbpzh4qUYIcB6n/UE0=,iy9UQOhP3sKjzHK1663QZitBtss=
-13,3,Ff5m3kQGfYbpzh4qUYIcB6n/UE0=,iy9UQOhP3sKjzHK1663QZitBtss=
-15,3,hYxjQaXaWvbgNU2Lz+49OxhEMnQ=,iy9UQOhP3sKjzHK1663QZitBtss=
-15,2,Ff5m3kQGfYbpzh4qUYIcB6n/UE0=,iy9UQOhP3sKjzHK1663QZitBtss=
-13,1,hYxjQaXaWvbgNU2Lz+49OxhEMnQ=,iy9UQOhP3sKjzHK1663QZitBtss=
-14,1,hYxjQaXaWvbgNU2Lz+49OxhEMnQ=,iy9UQOhP3sKjzHK1663QZitBtss=
-15,7,n+i6MGydqtrNcSpN/5s/oaqwZfQ=,iy9UQOhP3sKjzHK1663QZitBtss=
-16,7,hYxjQaXaWvbgNU2Lz+49OxhEMnQ=,iy9UQOhP3sKjzHK1663QZitBtss=
-1,8,Ff5m3kQGfYbpzh4qUYIcB6n/UE0=,50z42IE7YFXeT8vjMu+k051j6vE=
-16,8,hGC6QHP50qbSWVrpkfQfw153lms=,N45TytyRPjv/eIi/2s0GWko2fWI=
-14,7,n+i6MGydqtrNcSpN/5s/oaqwZfQ=,iy9UQOhP3sKjzHK1663QZitBtss=
-2,9,iEqKnSZIIme6MhxBKUmy9RLva9c=,50z42IE7YFXeT8vjMu+k051j6vE=
-4,9,iEqKnSZIIme6MhxBKUmy9RLva9c=,50z42IE7YFXeT8vjMu+k051j6vE=
-2,0,hYxjQaXaWvbgNU2Lz+49OxhEMnQ=,mzdcDxrn8RilwOmsDQyBRtYv4zs=
-3,9,iEqKnSZIIme6MhxBKUmy9RLva9c=,50z42IE7YFXeT8vjMu+k051j6vE=
-13,7,n+i6MGydqtrNcSpN/5s/oaqwZfQ=,iy9UQOhP3sKjzHK1663QZitBtss=
-1,14,fJZmrXtQg3+Tn2FLqm4uOoBgK30=,50z42IE7YFXeT8vjMu+k051j6vE=
-16,15,n+i6MGydqtrNcSpN/5s/oaqwZfQ=,N45TytyRPjv/eIi/2s0GWko2fWI=
-15,6,fJZmrXtQg3+Tn2FLqm4uOoBgK30=,iy9UQOhP3sKjzHK1663QZitBtss=
-1,11,fJZmrXtQg3+Tn2FLqm4uOoBgK30=,50z42IE7YFXeT8vjMu+k051j6vE=
-1,12,fJZmrXtQg3+Tn2FLqm4uOoBgK30=,50z42IE7YFXeT8vjMu+k051j6vE=
-3,0,hYxjQaXaWvbgNU2Lz+49OxhEMnQ=,mzdcDxrn8RilwOmsDQyBRtYv4zs=
-1,10,Ff5m3kQGfYbpzh4qUYIcB6n/UE0=,50z42IE7YFXeT8vjMu+k051j6vE=
-1,9,Ff5m3kQGfYbpzh4qUYIcB6n/UE0=,50z42IE7YFXeT8vjMu+k051j6vE=
-16,14,Ff5m3kQGfYbpzh4qUYIcB6n/UE0=,N45TytyRPjv/eIi/2s0GWko2fWI=
-1,13,fJZmrXtQg3+Tn2FLqm4uOoBgK30=,50z42IE7YFXeT8vjMu+k051j6vE=
-15,5,fJZmrXtQg3+Tn2FLqm4uOoBgK30=,iy9UQOhP3sKjzHK1663QZitBtss=
-2,15,fJZmrXtQg3+Tn2FLqm4uOoBgK30=,50z42IE7YFXeT8vjMu+k051j6vE=
-4,0,hYxjQaXaWvbgNU2Lz+49OxhEMnQ=,mzdcDxrn8RilwOmsDQyBRtYv4zs=
-3,15,fJZmrXtQg3+Tn2FLqm4uOoBgK30=,50z42IE7YFXeT8vjMu+k051j6vE=
-2,8,fJZmrXtQg3+Tn2FLqm4uOoBgK30=,50z42IE7YFXeT8vjMu+k051j6vE=
-3,8,fJZmrXtQg3+Tn2FLqm4uOoBgK30=,50z42IE7YFXeT8vjMu+k051j6vE=
-4,15,fJZmrXtQg3+Tn2FLqm4uOoBgK30=,50z42IE7YFXeT8vjMu+k051j6vE=
-13,4,fJZmrXtQg3+Tn2FLqm4uOoBgK30=,iy9UQOhP3sKjzHK1663QZitBtss=
-16,13,hYxjQaXaWvbgNU2Lz+49OxhEMnQ=,N45TytyRPjv/eIi/2s0GWko2fWI=
-4,14,iEqKnSZIIme6MhxBKUmy9RLva9c=,50z42IE7YFXeT8vjMu+k051j6vE=
-3,14,iEqKnSZIIme6MhxBKUmy9RLva9c=,50z42IE7YFXeT8vjMu+k051j6vE=
-4,8,fJZmrXtQg3+Tn2FLqm4uOoBgK30=,50z42IE7YFXeT8vjMu+k051j6vE=
-2,14,iEqKnSZIIme6MhxBKUmy9RLva9c=,50z42IE7YFXeT8vjMu+k051j6vE=
-3,13,iEqKnSZIIme6MhxBKUmy9RLva9c=,50z42IE7YFXeT8vjMu+k051j6vE=
-1,3,Ff5m3kQGfYbpzh4qUYIcB6n/UE0=,mzdcDxrn8RilwOmsDQyBRtYv4zs=
-2,13,iEqKnSZIIme6MhxBKUmy9RLva9c=,50z42IE7YFXeT8vjMu+k051j6vE=
-4,13,iEqKnSZIIme6MhxBKUmy9RLva9c=,50z42IE7YFXeT8vjMu+k051j6vE=
-14,4,Ff5m3kQGfYbpzh4qUYIcB6n/UE0=,iy9UQOhP3sKjzHK1663QZitBtss=
-4,12,iEqKnSZIIme6MhxBKUmy9RLva9c=,50z42IE7YFXeT8vjMu+k051j6vE=
-6,0,V8GLL07YshFeOB1B8NJwUGoLUCg=,mzdcDxrn8RilwOmsDQyBRtYv4zs=
-2,10,iEqKnSZIIme6MhxBKUmy9RLva9c=,50z42IE7YFXeT8vjMu+k051j6vE=
-3,12,iEqKnSZIIme6MhxBKUmy9RLva9c=,50z42IE7YFXeT8vjMu+k051j6vE=
-2,12,iEqKnSZIIme6MhxBKUmy9RLva9c=,50z42IE7YFXeT8vjMu+k051j6vE=
-16,12,hYxjQaXaWvbgNU2Lz+49OxhEMnQ=,N45TytyRPjv/eIi/2s0GWko2fWI=
-3,11,fJZmrXtQg3+Tn2FLqm4uOoBgK30=,50z42IE7YFXeT8vjMu+k051j6vE=
-8,2,hGC6QHP50qbSWVrpkfQfw153lms=,mzdcDxrn8RilwOmsDQyBRtYv4zs=
-4,11,fJZmrXtQg3+Tn2FLqm4uOoBgK30=,50z42IE7YFXeT8vjMu+k051j6vE=
-3,10,fJZmrXtQg3+Tn2FLqm4uOoBgK30=,50z42IE7YFXeT8vjMu+k051j6vE=
-9,3,V8GLL07YshFeOB1B8NJwUGoLUCg=,iy9UQOhP3sKjzHK1663QZitBtss=
-8,1,V8GLL07YshFeOB1B8NJwUGoLUCg=,mzdcDxrn8RilwOmsDQyBRtYv4zs=
-10,3,hGC6QHP50qbSWVrpkfQfw153lms=,iy9UQOhP3sKjzHK1663QZitBtss=
-4,10,iEqKnSZIIme6MhxBKUmy9RLva9c=,50z42IE7YFXeT8vjMu+k051j6vE=
-2,3,Ff5m3kQGfYbpzh4qUYIcB6n/UE0=,mzdcDxrn8RilwOmsDQyBRtYv4zs=
-9,1,V8GLL07YshFeOB1B8NJwUGoLUCg=,iy9UQOhP3sKjzHK1663QZitBtss=
-11,3,hGC6QHP50qbSWVrpkfQfw153lms=,iy9UQOhP3sKjzHK1663QZitBtss=
-12,3,hGC6QHP50qbSWVrpkfQfw153lms=,iy9UQOhP3sKjzHK1663QZitBtss=
-2,11,fJZmrXtQg3+Tn2FLqm4uOoBgK30=,50z42IE7YFXeT8vjMu+k051j6vE=
-10,1,V8GLL07YshFeOB1B8NJwUGoLUCg=,iy9UQOhP3sKjzHK1663QZitBtss=
-9,2,V8GLL07YshFeOB1B8NJwUGoLUCg=,iy9UQOhP3sKjzHK1663QZitBtss=
-11,1,hGC6QHP50qbSWVrpkfQfw153lms=,iy9UQOhP3sKjzHK1663QZitBtss=
-10,2,V8GLL07YshFeOB1B8NJwUGoLUCg=,iy9UQOhP3sKjzHK1663QZitBtss=
-12,1,V8GLL07YshFeOB1B8NJwUGoLUCg=,iy9UQOhP3sKjzHK1663QZitBtss=
-11,2,hGC6QHP50qbSWVrpkfQfw153lms=,iy9UQOhP3sKjzHK1663QZitBtss=
-3,3,fJZmrXtQg3+Tn2FLqm4uOoBgK30=,mzdcDxrn8RilwOmsDQyBRtYv4zs=
-12,2,hGC6QHP50qbSWVrpkfQfw153lms=,iy9UQOhP3sKjzHK1663QZitBtss=
-7,3,V8GLL07YshFeOB1B8NJwUGoLUCg=,mzdcDxrn8RilwOmsDQyBRtYv4zs=
-6,2,hGC6QHP50qbSWVrpkfQfw153lms=,mzdcDxrn8RilwOmsDQyBRtYv4zs=
-6,3,V8GLL07YshFeOB1B8NJwUGoLUCg=,mzdcDxrn8RilwOmsDQyBRtYv4zs=
-5,3,V8GLL07YshFeOB1B8NJwUGoLUCg=,mzdcDxrn8RilwOmsDQyBRtYv4zs=
-11,14,fJZmrXtQg3+Tn2FLqm4uOoBgK30=,N45TytyRPjv/eIi/2s0GWko2fWI=
-7,2,hGC6QHP50qbSWVrpkfQfw153lms=,mzdcDxrn8RilwOmsDQyBRtYv4zs=
-5,2,hGC6QHP50qbSWVrpkfQfw153lms=,mzdcDxrn8RilwOmsDQyBRtYv4zs=
-14,0,hYxjQaXaWvbgNU2Lz+49OxhEMnQ=,iy9UQOhP3sKjzHK1663QZitBtss=
-6,1,n+i6MGydqtrNcSpN/5s/oaqwZfQ=,mzdcDxrn8RilwOmsDQyBRtYv4zs=
-5,1,n+i6MGydqtrNcSpN/5s/oaqwZfQ=,mzdcDxrn8RilwOmsDQyBRtYv4zs=
-4,3,fJZmrXtQg3+Tn2FLqm4uOoBgK30=,mzdcDxrn8RilwOmsDQyBRtYv4zs=
-11,13,iEqKnSZIIme6MhxBKUmy9RLva9c=,N45TytyRPjv/eIi/2s0GWko2fWI=
-7,1,n+i6MGydqtrNcSpN/5s/oaqwZfQ=,mzdcDxrn8RilwOmsDQyBRtYv4zs=
-9,12,iEqKnSZIIme6MhxBKUmy9RLva9c=,N45TytyRPjv/eIi/2s0GWko2fWI=
-10,13,iEqKnSZIIme6MhxBKUmy9RLva9c=,N45TytyRPjv/eIi/2s0GWko2fWI=
-10,12,iEqKnSZIIme6MhxBKUmy9RLva9c=,N45TytyRPjv/eIi/2s0GWko2fWI=
-8,12,iEqKnSZIIme6MhxBKUmy9RLva9c=,50z42IE7YFXeT8vjMu+k051j6vE=
-11,12,fJZmrXtQg3+Tn2FLqm4uOoBgK30=,N45TytyRPjv/eIi/2s0GWko2fWI=
-8,14,fJZmrXtQg3+Tn2FLqm4uOoBgK30=,50z42IE7YFXeT8vjMu+k051j6vE=
-12,14,fJZmrXtQg3+Tn2FLqm4uOoBgK30=,N45TytyRPjv/eIi/2s0GWko2fWI=
-5,14,fJZmrXtQg3+Tn2FLqm4uOoBgK30=,50z42IE7YFXeT8vjMu+k051j6vE=
-8,13,Ff5m3kQGfYbpzh4qUYIcB6n/UE0=,50z42IE7YFXeT8vjMu+k051j6vE=
-12,12,fJZmrXtQg3+Tn2FLqm4uOoBgK30=,N45TytyRPjv/eIi/2s0GWko2fWI=
-1,2,Ff5m3kQGfYbpzh4qUYIcB6n/UE0=,mzdcDxrn8RilwOmsDQyBRtYv4zs=
-9,13,iEqKnSZIIme6MhxBKUmy9RLva9c=,N45TytyRPjv/eIi/2s0GWko2fWI=
-7,0,V8GLL07YshFeOB1B8NJwUGoLUCg=,mzdcDxrn8RilwOmsDQyBRtYv4zs=
-13,0,hYxjQaXaWvbgNU2Lz+49OxhEMnQ=,iy9UQOhP3sKjzHK1663QZitBtss=
-6,12,n+i6MGydqtrNcSpN/5s/oaqwZfQ=,50z42IE7YFXeT8vjMu+k051j6vE=
-5,12,hYxjQaXaWvbgNU2Lz+49OxhEMnQ=,50z42IE7YFXeT8vjMu+k051j6vE=
-6,14,fJZmrXtQg3+Tn2FLqm4uOoBgK30=,50z42IE7YFXeT8vjMu+k051j6vE=
-6,13,hYxjQaXaWvbgNU2Lz+49OxhEMnQ=,50z42IE7YFXeT8vjMu+k051j6vE=
-12,13,iEqKnSZIIme6MhxBKUmy9RLva9c=,N45TytyRPjv/eIi/2s0GWko2fWI=
-16,11,hGC6QHP50qbSWVrpkfQfw153lms=,N45TytyRPjv/eIi/2s0GWko2fWI=
-16,9,n+i6MGydqtrNcSpN/5s/oaqwZfQ=,N45TytyRPjv/eIi/2s0GWko2fWI=
-5,13,hYxjQaXaWvbgNU2Lz+49OxhEMnQ=,50z42IE7YFXeT8vjMu+k051j6vE=
-7,12,n+i6MGydqtrNcSpN/5s/oaqwZfQ=,50z42IE7YFXeT8vjMu+k051j6vE=
-7,13,hYxjQaXaWvbgNU2Lz+49OxhEMnQ=,50z42IE7YFXeT8vjMu+k051j6vE=
-15,8,Ff5m3kQGfYbpzh4qUYIcB6n/UE0=,N45TytyRPjv/eIi/2s0GWko2fWI=
-14,15,hYxjQaXaWvbgNU2Lz+49OxhEMnQ=,N45TytyRPjv/eIi/2s0GWko2fWI=
-15,14,Ff5m3kQGfYbpzh4qUYIcB6n/UE0=,N45TytyRPjv/eIi/2s0GWko2fWI=
-14,14,Ff5m3kQGfYbpzh4qUYIcB6n/UE0=,N45TytyRPjv/eIi/2s0GWko2fWI=
-13,15,hYxjQaXaWvbgNU2Lz+49OxhEMnQ=,N45TytyRPjv/eIi/2s0GWko2fWI=
-15,13,Ff5m3kQGfYbpzh4qUYIcB6n/UE0=,N45TytyRPjv/eIi/2s0GWko2fWI=
-13,14,Ff5m3kQGfYbpzh4qUYIcB6n/UE0=,N45TytyRPjv/eIi/2s0GWko2fWI=
-15,12,Ff5m3kQGfYbpzh4qUYIcB6n/UE0=,N45TytyRPjv/eIi/2s0GWko2fWI=
-14,12,Ff5m3kQGfYbpzh4qUYIcB6n/UE0=,N45TytyRPjv/eIi/2s0GWko2fWI=
-14,11,hYxjQaXaWvbgNU2Lz+49OxhEMnQ=,N45TytyRPjv/eIi/2s0GWko2fWI=
-14,13,Ff5m3kQGfYbpzh4qUYIcB6n/UE0=,N45TytyRPjv/eIi/2s0GWko2fWI=
-13,13,Ff5m3kQGfYbpzh4qUYIcB6n/UE0=,N45TytyRPjv/eIi/2s0GWko2fWI=
-13,8,Ff5m3kQGfYbpzh4qUYIcB6n/UE0=,N45TytyRPjv/eIi/2s0GWko2fWI=
-14,8,Ff5m3kQGfYbpzh4qUYIcB6n/UE0=,N45TytyRPjv/eIi/2s0GWko2fWI=
-13,10,Ff5m3kQGfYbpzh4qUYIcB6n/UE0=,N45TytyRPjv/eIi/2s0GWko2fWI=
-15,4,fJZmrXtQg3+Tn2FLqm4uOoBgK30=,iy9UQOhP3sKjzHK1663QZitBtss=
-14,10,Ff5m3kQGfYbpzh4qUYIcB6n/UE0=,N45TytyRPjv/eIi/2s0GWko2fWI=
-8,3,hGC6QHP50qbSWVrpkfQfw153lms=,mzdcDxrn8RilwOmsDQyBRtYv4zs=
-13,12,Ff5m3kQGfYbpzh4qUYIcB6n/UE0=,N45TytyRPjv/eIi/2s0GWko2fWI=
-7,14,fJZmrXtQg3+Tn2FLqm4uOoBgK30=,50z42IE7YFXeT8vjMu+k051j6vE=
-13,9,Ff5m3kQGfYbpzh4qUYIcB6n/UE0=,N45TytyRPjv/eIi/2s0GWko2fWI=
-15,10,Ff5m3kQGfYbpzh4qUYIcB6n/UE0=,N45TytyRPjv/eIi/2s0GWko2fWI=
-15,15,hYxjQaXaWvbgNU2Lz+49OxhEMnQ=,N45TytyRPjv/eIi/2s0GWko2fWI=
-13,11,hYxjQaXaWvbgNU2Lz+49OxhEMnQ=,N45TytyRPjv/eIi/2s0GWko2fWI=
-14,9,Ff5m3kQGfYbpzh4qUYIcB6n/UE0=,N45TytyRPjv/eIi/2s0GWko2fWI=
-13,5,Ff5m3kQGfYbpzh4qUYIcB6n/UE0=,iy9UQOhP3sKjzHK1663QZitBtss=
-14,6,Ff5m3kQGfYbpzh4qUYIcB6n/UE0=,iy9UQOhP3sKjzHK1663QZitBtss=
-13,6,Ff5m3kQGfYbpzh4qUYIcB6n/UE0=,iy9UQOhP3sKjzHK1663QZitBtss=
-16,10,n+i6MGydqtrNcSpN/5s/oaqwZfQ=,N45TytyRPjv/eIi/2s0GWko2fWI=
-2,2,fJZmrXtQg3+Tn2FLqm4uOoBgK30=,mzdcDxrn8RilwOmsDQyBRtYv4zs=
-15,11,Ff5m3kQGfYbpzh4qUYIcB6n/UE0=,N45TytyRPjv/eIi/2s0GWko2fWI=
-15,9,Ff5m3kQGfYbpzh4qUYIcB6n/UE0=,N45TytyRPjv/eIi/2s0GWko2fWI=
-14,5,Ff5m3kQGfYbpzh4qUYIcB6n/UE0=,iy9UQOhP3sKjzHK1663QZitBtss=
-4,2,fJZmrXtQg3+Tn2FLqm4uOoBgK30=,mzdcDxrn8RilwOmsDQyBRtYv4zs=
-3,2,iEqKnSZIIme6MhxBKUmy9RLva9c=,mzdcDxrn8RilwOmsDQyBRtYv4zs=
-1,1,Ff5m3kQGfYbpzh4qUYIcB6n/UE0=,mzdcDxrn8RilwOmsDQyBRtYv4zs=
-2,1,fJZmrXtQg3+Tn2FLqm4uOoBgK30=,mzdcDxrn8RilwOmsDQyBRtYv4zs=
-1,0,hYxjQaXaWvbgNU2Lz+49OxhEMnQ=,mzdcDxrn8RilwOmsDQyBRtYv4zs=
-4,1,hYxjQaXaWvbgNU2Lz+49OxhEMnQ=,mzdcDxrn8RilwOmsDQyBRtYv4zs=
-3,1,hYxjQaXaWvbgNU2Lz+49OxhEMnQ=,mzdcDxrn8RilwOmsDQyBRtYv4zs=
-21,0,JMAtm9zifKnc/s63E/8l4jp3ocs=,n9bwaGb7Cdu+9x/m5wrsSMjwDOs=
-22,0,JMAtm9zifKnc/s63E/8l4jp3ocs=,n9bwaGb7Cdu+9x/m5wrsSMjwDOs=
-22,1,JMAtm9zifKnc/s63E/8l4jp3ocs=,n9bwaGb7Cdu+9x/m5wrsSMjwDOs=
-22,2,JMAtm9zifKnc/s63E/8l4jp3ocs=,n9bwaGb7Cdu+9x/m5wrsSMjwDOs=
-21,3,JMAtm9zifKnc/s63E/8l4jp3ocs=,n9bwaGb7Cdu+9x/m5wrsSMjwDOs=
-21,1,JMAtm9zifKnc/s63E/8l4jp3ocs=,n9bwaGb7Cdu+9x/m5wrsSMjwDOs=
-21,2,JMAtm9zifKnc/s63E/8l4jp3ocs=,n9bwaGb7Cdu+9x/m5wrsSMjwDOs=
-22,3,JMAtm9zifKnc/s63E/8l4jp3ocs=,n9bwaGb7Cdu+9x/m5wrsSMjwDOs=
-20,0,JMAtm9zifKnc/s63E/8l4jp3ocs=,n9bwaGb7Cdu+9x/m5wrsSMjwDOs=
-20,1,JMAtm9zifKnc/s63E/8l4jp3ocs=,n9bwaGb7Cdu+9x/m5wrsSMjwDOs=
-20,2,St0FVuYoxjsRSTyUGJIsH6a1MIk=,n9bwaGb7Cdu+9x/m5wrsSMjwDOs=
-20,3,St0FVuYoxjsRSTyUGJIsH6a1MIk=,n9bwaGb7Cdu+9x/m5wrsSMjwDOs=
-22,4,St0FVuYoxjsRSTyUGJIsH6a1MIk=,n9bwaGb7Cdu+9x/m5wrsSMjwDOs=
-22,5,St0FVuYoxjsRSTyUGJIsH6a1MIk=,n9bwaGb7Cdu+9x/m5wrsSMjwDOs=
-21,5,LnhI51I4boN3x0MzNF3UDpJrtCA=,n9bwaGb7Cdu+9x/m5wrsSMjwDOs=
-21,14,TyczHXdWFR9hRkAlxOkcjj62ffU=,sPNdBXvxLupLzvKhPS0SA2yKN3g=
-21,8,TyczHXdWFR9hRkAlxOkcjj62ffU=,sPNdBXvxLupLzvKhPS0SA2yKN3g=
-21,4,St0FVuYoxjsRSTyUGJIsH6a1MIk=,n9bwaGb7Cdu+9x/m5wrsSMjwDOs=
-21,7,St0FVuYoxjsRSTyUGJIsH6a1MIk=,n9bwaGb7Cdu+9x/m5wrsSMjwDOs=
-21,15,TyczHXdWFR9hRkAlxOkcjj62ffU=,sPNdBXvxLupLzvKhPS0SA2yKN3g=
-22,7,St0FVuYoxjsRSTyUGJIsH6a1MIk=,n9bwaGb7Cdu+9x/m5wrsSMjwDOs=
-22,13,LnhI51I4boN3x0MzNF3UDpJrtCA=,sPNdBXvxLupLzvKhPS0SA2yKN3g=
-22,15,TyczHXdWFR9hRkAlxOkcjj62ffU=,sPNdBXvxLupLzvKhPS0SA2yKN3g=
-21,6,St0FVuYoxjsRSTyUGJIsH6a1MIk=,n9bwaGb7Cdu+9x/m5wrsSMjwDOs=
-22,6,St0FVuYoxjsRSTyUGJIsH6a1MIk=,n9bwaGb7Cdu+9x/m5wrsSMjwDOs=
-22,8,TyczHXdWFR9hRkAlxOkcjj62ffU=,sPNdBXvxLupLzvKhPS0SA2yKN3g=
-21,11,St0FVuYoxjsRSTyUGJIsH6a1MIk=,sPNdBXvxLupLzvKhPS0SA2yKN3g=
-21,13,LnhI51I4boN3x0MzNF3UDpJrtCA=,sPNdBXvxLupLzvKhPS0SA2yKN3g=
-22,11,St0FVuYoxjsRSTyUGJIsH6a1MIk=,sPNdBXvxLupLzvKhPS0SA2yKN3g=
-21,10,TyczHXdWFR9hRkAlxOkcjj62ffU=,sPNdBXvxLupLzvKhPS0SA2yKN3g=
-21,12,LnhI51I4boN3x0MzNF3UDpJrtCA=,sPNdBXvxLupLzvKhPS0SA2yKN3g=
-22,12,St0FVuYoxjsRSTyUGJIsH6a1MIk=,sPNdBXvxLupLzvKhPS0SA2yKN3g=
-21,9,LnhI51I4boN3x0MzNF3UDpJrtCA=,sPNdBXvxLupLzvKhPS0SA2yKN3g=
-22,9,LnhI51I4boN3x0MzNF3UDpJrtCA=,sPNdBXvxLupLzvKhPS0SA2yKN3g=
-22,14,TyczHXdWFR9hRkAlxOkcjj62ffU=,sPNdBXvxLupLzvKhPS0SA2yKN3g=
-22,10,St0FVuYoxjsRSTyUGJIsH6a1MIk=,sPNdBXvxLupLzvKhPS0SA2yKN3g=
-20,6,St0FVuYoxjsRSTyUGJIsH6a1MIk=,n9bwaGb7Cdu+9x/m5wrsSMjwDOs=
-20,5,LnhI51I4boN3x0MzNF3UDpJrtCA=,n9bwaGb7Cdu+9x/m5wrsSMjwDOs=
-20,12,LnhI51I4boN3x0MzNF3UDpJrtCA=,sPNdBXvxLupLzvKhPS0SA2yKN3g=
-20,4,St0FVuYoxjsRSTyUGJIsH6a1MIk=,n9bwaGb7Cdu+9x/m5wrsSMjwDOs=
-20,14,St0FVuYoxjsRSTyUGJIsH6a1MIk=,sPNdBXvxLupLzvKhPS0SA2yKN3g=
-20,11,St0FVuYoxjsRSTyUGJIsH6a1MIk=,sPNdBXvxLupLzvKhPS0SA2yKN3g=
-20,8,JMAtm9zifKnc/s63E/8l4jp3ocs=,sPNdBXvxLupLzvKhPS0SA2yKN3g=
-20,7,JMAtm9zifKnc/s63E/8l4jp3ocs=,n9bwaGb7Cdu+9x/m5wrsSMjwDOs=
-20,10,TyczHXdWFR9hRkAlxOkcjj62ffU=,sPNdBXvxLupLzvKhPS0SA2yKN3g=
-20,15,LnhI51I4boN3x0MzNF3UDpJrtCA=,sPNdBXvxLupLzvKhPS0SA2yKN3g=
-20,13,TyczHXdWFR9hRkAlxOkcjj62ffU=,sPNdBXvxLupLzvKhPS0SA2yKN3g=
-20,9,LnhI51I4boN3x0MzNF3UDpJrtCA=,sPNdBXvxLupLzvKhPS0SA2yKN3g=
-22,19,ML6S5To8Ban3CuXUIOqhmVLUFfI=,e9jh1B9zsOvlkSN9B3cS9BmliWA=
-17,20,Li+eovyHUJ++berfSu4YCshKAN8=,e9jh1B9zsOvlkSN9B3cS9BmliWA=
-21,16,Li+eovyHUJ++berfSu4YCshKAN8=,e9jh1B9zsOvlkSN9B3cS9BmliWA=
-20,18,Li+eovyHUJ++berfSu4YCshKAN8=,e9jh1B9zsOvlkSN9B3cS9BmliWA=
-22,16,Li+eovyHUJ++berfSu4YCshKAN8=,e9jh1B9zsOvlkSN9B3cS9BmliWA=
-21,19,7MPGB7jf1zz+puMohvOTuy1Eycw=,e9jh1B9zsOvlkSN9B3cS9BmliWA=
-20,20,Li+eovyHUJ++berfSu4YCshKAN8=,e9jh1B9zsOvlkSN9B3cS9BmliWA=
-18,20,Li+eovyHUJ++berfSu4YCshKAN8=,e9jh1B9zsOvlkSN9B3cS9BmliWA=
-20,19,7MPGB7jf1zz+puMohvOTuy1Eycw=,e9jh1B9zsOvlkSN9B3cS9BmliWA=
-21,18,Li+eovyHUJ++berfSu4YCshKAN8=,e9jh1B9zsOvlkSN9B3cS9BmliWA=
-22,21,ML6S5To8Ban3CuXUIOqhmVLUFfI=,e9jh1B9zsOvlkSN9B3cS9BmliWA=
-19,20,Li+eovyHUJ++berfSu4YCshKAN8=,e9jh1B9zsOvlkSN9B3cS9BmliWA=
-22,18,Li+eovyHUJ++berfSu4YCshKAN8=,e9jh1B9zsOvlkSN9B3cS9BmliWA=
-22,17,ML6S5To8Ban3CuXUIOqhmVLUFfI=,e9jh1B9zsOvlkSN9B3cS9BmliWA=
-19,21,Li+eovyHUJ++berfSu4YCshKAN8=,e9jh1B9zsOvlkSN9B3cS9BmliWA=
-21,21,ML6S5To8Ban3CuXUIOqhmVLUFfI=,e9jh1B9zsOvlkSN9B3cS9BmliWA=
-20,21,ML6S5To8Ban3CuXUIOqhmVLUFfI=,e9jh1B9zsOvlkSN9B3cS9BmliWA=
-17,21,Li+eovyHUJ++berfSu4YCshKAN8=,e9jh1B9zsOvlkSN9B3cS9BmliWA=
-18,21,Li+eovyHUJ++berfSu4YCshKAN8=,e9jh1B9zsOvlkSN9B3cS9BmliWA=
-20,17,7MPGB7jf1zz+puMohvOTuy1Eycw=,e9jh1B9zsOvlkSN9B3cS9BmliWA=
-18,19,Li+eovyHUJ++berfSu4YCshKAN8=,e9jh1B9zsOvlkSN9B3cS9BmliWA=
-21,20,7MPGB7jf1zz+puMohvOTuy1Eycw=,e9jh1B9zsOvlkSN9B3cS9BmliWA=
-17,19,Li+eovyHUJ++berfSu4YCshKAN8=,e9jh1B9zsOvlkSN9B3cS9BmliWA=
-20,16,Li+eovyHUJ++berfSu4YCshKAN8=,e9jh1B9zsOvlkSN9B3cS9BmliWA=
-19,19,7MPGB7jf1zz+puMohvOTuy1Eycw=,e9jh1B9zsOvlkSN9B3cS9BmliWA=
-22,20,ML6S5To8Ban3CuXUIOqhmVLUFfI=,e9jh1B9zsOvlkSN9B3cS9BmliWA=
-21,17,ML6S5To8Ban3CuXUIOqhmVLUFfI=,e9jh1B9zsOvlkSN9B3cS9BmliWA=
-1,19,Cu2OqelcHUe1D0c3hkAQwJ+2sIE=,lJ9+PuU+TAUweOQcmusyt1cqmNA=
-4,19,l+1wOIm/KQPasderaOA3bTHXZDc=,lJ9+PuU+TAUweOQcmusyt1cqmNA=
-2,19,l+1wOIm/KQPasderaOA3bTHXZDc=,lJ9+PuU+TAUweOQcmusyt1cqmNA=
-3,19,l+1wOIm/KQPasderaOA3bTHXZDc=,lJ9+PuU+TAUweOQcmusyt1cqmNA=
-1,21,a9OTB+Fe2+OENljk29dlSKnHkSM=,lJ9+PuU+TAUweOQcmusyt1cqmNA=
-2,20,Cu2OqelcHUe1D0c3hkAQwJ+2sIE=,lJ9+PuU+TAUweOQcmusyt1cqmNA=
-3,20,l+1wOIm/KQPasderaOA3bTHXZDc=,lJ9+PuU+TAUweOQcmusyt1cqmNA=
-1,20,a9OTB+Fe2+OENljk29dlSKnHkSM=,lJ9+PuU+TAUweOQcmusyt1cqmNA=
-2,21,Cu2OqelcHUe1D0c3hkAQwJ+2sIE=,lJ9+PuU+TAUweOQcmusyt1cqmNA=
-3,21,i56VVlW/Ux1J6PdApAAOeb27jbc=,lJ9+PuU+TAUweOQcmusyt1cqmNA=
-4,20,l+1wOIm/KQPasderaOA3bTHXZDc=,lJ9+PuU+TAUweOQcmusyt1cqmNA=
-4,21,Cu2OqelcHUe1D0c3hkAQwJ+2sIE=,lJ9+PuU+TAUweOQcmusyt1cqmNA=
-14,21,Cu2OqelcHUe1D0c3hkAQwJ+2sIE=,nmjufw1/D70V/7Rwv2KOrAZE4cI=
-11,20,Cu2OqelcHUe1D0c3hkAQwJ+2sIE=,nmjufw1/D70V/7Rwv2KOrAZE4cI=
-13,21,Cu2OqelcHUe1D0c3hkAQwJ+2sIE=,nmjufw1/D70V/7Rwv2KOrAZE4cI=
-6,21,i56VVlW/Ux1J6PdApAAOeb27jbc=,lJ9+PuU+TAUweOQcmusyt1cqmNA=
-12,21,aCvqFEN6og9tvNYMiEToz/5dnY0=,nmjufw1/D70V/7Rwv2KOrAZE4cI=
-10,20,Cu2OqelcHUe1D0c3hkAQwJ+2sIE=,nmjufw1/D70V/7Rwv2KOrAZE4cI=
-10,21,aCvqFEN6og9tvNYMiEToz/5dnY0=,nmjufw1/D70V/7Rwv2KOrAZE4cI=
-16,20,Cu2OqelcHUe1D0c3hkAQwJ+2sIE=,nmjufw1/D70V/7Rwv2KOrAZE4cI=
-14,20,i56VVlW/Ux1J6PdApAAOeb27jbc=,nmjufw1/D70V/7Rwv2KOrAZE4cI=
-15,20,i56VVlW/Ux1J6PdApAAOeb27jbc=,nmjufw1/D70V/7Rwv2KOrAZE4cI=
-11,21,aCvqFEN6og9tvNYMiEToz/5dnY0=,nmjufw1/D70V/7Rwv2KOrAZE4cI=
-12,20,i56VVlW/Ux1J6PdApAAOeb27jbc=,nmjufw1/D70V/7Rwv2KOrAZE4cI=
-16,21,Cu2OqelcHUe1D0c3hkAQwJ+2sIE=,nmjufw1/D70V/7Rwv2KOrAZE4cI=
-15,21,Cu2OqelcHUe1D0c3hkAQwJ+2sIE=,nmjufw1/D70V/7Rwv2KOrAZE4cI=
-7,21,Cu2OqelcHUe1D0c3hkAQwJ+2sIE=,lJ9+PuU+TAUweOQcmusyt1cqmNA=
-8,20,l+1wOIm/KQPasderaOA3bTHXZDc=,lJ9+PuU+TAUweOQcmusyt1cqmNA=
-7,20,l+1wOIm/KQPasderaOA3bTHXZDc=,lJ9+PuU+TAUweOQcmusyt1cqmNA=
-6,20,l+1wOIm/KQPasderaOA3bTHXZDc=,lJ9+PuU+TAUweOQcmusyt1cqmNA=
-13,20,i56VVlW/Ux1J6PdApAAOeb27jbc=,nmjufw1/D70V/7Rwv2KOrAZE4cI=
-9,20,a9OTB+Fe2+OENljk29dlSKnHkSM=,nmjufw1/D70V/7Rwv2KOrAZE4cI=
-9,21,a9OTB+Fe2+OENljk29dlSKnHkSM=,nmjufw1/D70V/7Rwv2KOrAZE4cI=
-5,20,l+1wOIm/KQPasderaOA3bTHXZDc=,lJ9+PuU+TAUweOQcmusyt1cqmNA=
-9,19,a9OTB+Fe2+OENljk29dlSKnHkSM=,nmjufw1/D70V/7Rwv2KOrAZE4cI=
-8,21,Cu2OqelcHUe1D0c3hkAQwJ+2sIE=,lJ9+PuU+TAUweOQcmusyt1cqmNA=
-14,19,i56VVlW/Ux1J6PdApAAOeb27jbc=,nmjufw1/D70V/7Rwv2KOrAZE4cI=
-16,19,Cu2OqelcHUe1D0c3hkAQwJ+2sIE=,nmjufw1/D70V/7Rwv2KOrAZE4cI=
-5,21,i56VVlW/Ux1J6PdApAAOeb27jbc=,lJ9+PuU+TAUweOQcmusyt1cqmNA=
-13,19,i56VVlW/Ux1J6PdApAAOeb27jbc=,nmjufw1/D70V/7Rwv2KOrAZE4cI=
-11,19,Cu2OqelcHUe1D0c3hkAQwJ+2sIE=,nmjufw1/D70V/7Rwv2KOrAZE4cI=
-12,19,aCvqFEN6og9tvNYMiEToz/5dnY0=,nmjufw1/D70V/7Rwv2KOrAZE4cI=
-8,19,aCvqFEN6og9tvNYMiEToz/5dnY0=,lJ9+PuU+TAUweOQcmusyt1cqmNA=
-15,19,i56VVlW/Ux1J6PdApAAOeb27jbc=,nmjufw1/D70V/7Rwv2KOrAZE4cI=
-5,19,aCvqFEN6og9tvNYMiEToz/5dnY0=,lJ9+PuU+TAUweOQcmusyt1cqmNA=
-7,19,aCvqFEN6og9tvNYMiEToz/5dnY0=,lJ9+PuU+TAUweOQcmusyt1cqmNA=
-6,19,aCvqFEN6og9tvNYMiEToz/5dnY0=,lJ9+PuU+TAUweOQcmusyt1cqmNA=
-10,19,Cu2OqelcHUe1D0c3hkAQwJ+2sIE=,nmjufw1/D70V/7Rwv2KOrAZE4cI=
-24,0,JMAtm9zifKnc/s63E/8l4jp3ocs=,n9bwaGb7Cdu+9x/m5wrsSMjwDOs=
-24,1,JMAtm9zifKnc/s63E/8l4jp3ocs=,n9bwaGb7Cdu+9x/m5wrsSMjwDOs=
-23,1,JMAtm9zifKnc/s63E/8l4jp3ocs=,n9bwaGb7Cdu+9x/m5wrsSMjwDOs=
-24,2,JMAtm9zifKnc/s63E/8l4jp3ocs=,n9bwaGb7Cdu+9x/m5wrsSMjwDOs=
-23,2,JMAtm9zifKnc/s63E/8l4jp3ocs=,n9bwaGb7Cdu+9x/m5wrsSMjwDOs=
-23,0,JMAtm9zifKnc/s63E/8l4jp3ocs=,n9bwaGb7Cdu+9x/m5wrsSMjwDOs=
-24,3,JMAtm9zifKnc/s63E/8l4jp3ocs=,n9bwaGb7Cdu+9x/m5wrsSMjwDOs=
-23,3,JMAtm9zifKnc/s63E/8l4jp3ocs=,n9bwaGb7Cdu+9x/m5wrsSMjwDOs=
-24,6,JMAtm9zifKnc/s63E/8l4jp3ocs=,n9bwaGb7Cdu+9x/m5wrsSMjwDOs=
-24,11,St0FVuYoxjsRSTyUGJIsH6a1MIk=,sPNdBXvxLupLzvKhPS0SA2yKN3g=
-23,6,St0FVuYoxjsRSTyUGJIsH6a1MIk=,n9bwaGb7Cdu+9x/m5wrsSMjwDOs=
-24,4,St0FVuYoxjsRSTyUGJIsH6a1MIk=,n9bwaGb7Cdu+9x/m5wrsSMjwDOs=
-23,11,St0FVuYoxjsRSTyUGJIsH6a1MIk=,sPNdBXvxLupLzvKhPS0SA2yKN3g=
-24,10,St0FVuYoxjsRSTyUGJIsH6a1MIk=,sPNdBXvxLupLzvKhPS0SA2yKN3g=
-23,7,St0FVuYoxjsRSTyUGJIsH6a1MIk=,n9bwaGb7Cdu+9x/m5wrsSMjwDOs=
-23,4,St0FVuYoxjsRSTyUGJIsH6a1MIk=,n9bwaGb7Cdu+9x/m5wrsSMjwDOs=
-23,10,St0FVuYoxjsRSTyUGJIsH6a1MIk=,sPNdBXvxLupLzvKhPS0SA2yKN3g=
-23,5,St0FVuYoxjsRSTyUGJIsH6a1MIk=,n9bwaGb7Cdu+9x/m5wrsSMjwDOs=
-24,5,St0FVuYoxjsRSTyUGJIsH6a1MIk=,n9bwaGb7Cdu+9x/m5wrsSMjwDOs=
-24,12,TyczHXdWFR9hRkAlxOkcjj62ffU=,sPNdBXvxLupLzvKhPS0SA2yKN3g=
-23,12,TyczHXdWFR9hRkAlxOkcjj62ffU=,sPNdBXvxLupLzvKhPS0SA2yKN3g=
-24,13,TyczHXdWFR9hRkAlxOkcjj62ffU=,sPNdBXvxLupLzvKhPS0SA2yKN3g=
-23,8,TyczHXdWFR9hRkAlxOkcjj62ffU=,sPNdBXvxLupLzvKhPS0SA2yKN3g=
-23,13,TyczHXdWFR9hRkAlxOkcjj62ffU=,sPNdBXvxLupLzvKhPS0SA2yKN3g=
-24,14,TyczHXdWFR9hRkAlxOkcjj62ffU=,sPNdBXvxLupLzvKhPS0SA2yKN3g=
-23,14,TyczHXdWFR9hRkAlxOkcjj62ffU=,sPNdBXvxLupLzvKhPS0SA2yKN3g=
-24,15,TyczHXdWFR9hRkAlxOkcjj62ffU=,sPNdBXvxLupLzvKhPS0SA2yKN3g=
-23,15,TyczHXdWFR9hRkAlxOkcjj62ffU=,sPNdBXvxLupLzvKhPS0SA2yKN3g=
-23,9,LnhI51I4boN3x0MzNF3UDpJrtCA=,sPNdBXvxLupLzvKhPS0SA2yKN3g=
-24,7,St0FVuYoxjsRSTyUGJIsH6a1MIk=,n9bwaGb7Cdu+9x/m5wrsSMjwDOs=
-24,9,LnhI51I4boN3x0MzNF3UDpJrtCA=,sPNdBXvxLupLzvKhPS0SA2yKN3g=
-24,8,LnhI51I4boN3x0MzNF3UDpJrtCA=,sPNdBXvxLupLzvKhPS0SA2yKN3g=
-22,23,ML6S5To8Ban3CuXUIOqhmVLUFfI=,e9jh1B9zsOvlkSN9B3cS9BmliWA=
-21,23,ML6S5To8Ban3CuXUIOqhmVLUFfI=,e9jh1B9zsOvlkSN9B3cS9BmliWA=
-24,19,ML6S5To8Ban3CuXUIOqhmVLUFfI=,e9jh1B9zsOvlkSN9B3cS9BmliWA=
-20,23,ML6S5To8Ban3CuXUIOqhmVLUFfI=,e9jh1B9zsOvlkSN9B3cS9BmliWA=
-21,22,ML6S5To8Ban3CuXUIOqhmVLUFfI=,e9jh1B9zsOvlkSN9B3cS9BmliWA=
-19,23,ML6S5To8Ban3CuXUIOqhmVLUFfI=,e9jh1B9zsOvlkSN9B3cS9BmliWA=
-17,23,ML6S5To8Ban3CuXUIOqhmVLUFfI=,e9jh1B9zsOvlkSN9B3cS9BmliWA=
-23,20,ML6S5To8Ban3CuXUIOqhmVLUFfI=,e9jh1B9zsOvlkSN9B3cS9BmliWA=
-23,17,ML6S5To8Ban3CuXUIOqhmVLUFfI=,e9jh1B9zsOvlkSN9B3cS9BmliWA=
-23,23,ML6S5To8Ban3CuXUIOqhmVLUFfI=,e9jh1B9zsOvlkSN9B3cS9BmliWA=
-24,21,ML6S5To8Ban3CuXUIOqhmVLUFfI=,e9jh1B9zsOvlkSN9B3cS9BmliWA=
-18,23,ML6S5To8Ban3CuXUIOqhmVLUFfI=,e9jh1B9zsOvlkSN9B3cS9BmliWA=
-24,18,ML6S5To8Ban3CuXUIOqhmVLUFfI=,e9jh1B9zsOvlkSN9B3cS9BmliWA=
-24,20,ML6S5To8Ban3CuXUIOqhmVLUFfI=,e9jh1B9zsOvlkSN9B3cS9BmliWA=
-20,22,ML6S5To8Ban3CuXUIOqhmVLUFfI=,e9jh1B9zsOvlkSN9B3cS9BmliWA=
-23,21,Li+eovyHUJ++berfSu4YCshKAN8=,e9jh1B9zsOvlkSN9B3cS9BmliWA=
-23,18,Li+eovyHUJ++berfSu4YCshKAN8=,e9jh1B9zsOvlkSN9B3cS9BmliWA=
-24,23,Li+eovyHUJ++berfSu4YCshKAN8=,e9jh1B9zsOvlkSN9B3cS9BmliWA=
-22,22,Li+eovyHUJ++berfSu4YCshKAN8=,e9jh1B9zsOvlkSN9B3cS9BmliWA=
-23,16,Li+eovyHUJ++berfSu4YCshKAN8=,e9jh1B9zsOvlkSN9B3cS9BmliWA=
-23,19,Li+eovyHUJ++berfSu4YCshKAN8=,e9jh1B9zsOvlkSN9B3cS9BmliWA=
-17,22,Li+eovyHUJ++berfSu4YCshKAN8=,e9jh1B9zsOvlkSN9B3cS9BmliWA=
-19,22,Li+eovyHUJ++berfSu4YCshKAN8=,e9jh1B9zsOvlkSN9B3cS9BmliWA=
-18,22,Li+eovyHUJ++berfSu4YCshKAN8=,e9jh1B9zsOvlkSN9B3cS9BmliWA=
-23,22,Li+eovyHUJ++berfSu4YCshKAN8=,e9jh1B9zsOvlkSN9B3cS9BmliWA=
-24,16,Li+eovyHUJ++berfSu4YCshKAN8=,e9jh1B9zsOvlkSN9B3cS9BmliWA=
-24,22,Li+eovyHUJ++berfSu4YCshKAN8=,e9jh1B9zsOvlkSN9B3cS9BmliWA=
-24,17,Li+eovyHUJ++berfSu4YCshKAN8=,e9jh1B9zsOvlkSN9B3cS9BmliWA=
-9,23,a9OTB+Fe2+OENljk29dlSKnHkSM=,nmjufw1/D70V/7Rwv2KOrAZE4cI=
-9,22,a9OTB+Fe2+OENljk29dlSKnHkSM=,nmjufw1/D70V/7Rwv2KOrAZE4cI=
-3,22,a9OTB+Fe2+OENljk29dlSKnHkSM=,lJ9+PuU+TAUweOQcmusyt1cqmNA=
-2,22,a9OTB+Fe2+OENljk29dlSKnHkSM=,lJ9+PuU+TAUweOQcmusyt1cqmNA=
-4,22,a9OTB+Fe2+OENljk29dlSKnHkSM=,lJ9+PuU+TAUweOQcmusyt1cqmNA=
-1,23,Cu2OqelcHUe1D0c3hkAQwJ+2sIE=,lJ9+PuU+TAUweOQcmusyt1cqmNA=
-16,23,Cu2OqelcHUe1D0c3hkAQwJ+2sIE=,nmjufw1/D70V/7Rwv2KOrAZE4cI=
-4,23,Cu2OqelcHUe1D0c3hkAQwJ+2sIE=,lJ9+PuU+TAUweOQcmusyt1cqmNA=
-3,23,Cu2OqelcHUe1D0c3hkAQwJ+2sIE=,lJ9+PuU+TAUweOQcmusyt1cqmNA=
-1,22,Cu2OqelcHUe1D0c3hkAQwJ+2sIE=,lJ9+PuU+TAUweOQcmusyt1cqmNA=
-8,22,Cu2OqelcHUe1D0c3hkAQwJ+2sIE=,lJ9+PuU+TAUweOQcmusyt1cqmNA=
-16,22,Cu2OqelcHUe1D0c3hkAQwJ+2sIE=,nmjufw1/D70V/7Rwv2KOrAZE4cI=
-2,23,Cu2OqelcHUe1D0c3hkAQwJ+2sIE=,lJ9+PuU+TAUweOQcmusyt1cqmNA=
-7,22,Cu2OqelcHUe1D0c3hkAQwJ+2sIE=,lJ9+PuU+TAUweOQcmusyt1cqmNA=
-15,22,i56VVlW/Ux1J6PdApAAOeb27jbc=,nmjufw1/D70V/7Rwv2KOrAZE4cI=
-14,22,i56VVlW/Ux1J6PdApAAOeb27jbc=,nmjufw1/D70V/7Rwv2KOrAZE4cI=
-6,22,i56VVlW/Ux1J6PdApAAOeb27jbc=,lJ9+PuU+TAUweOQcmusyt1cqmNA=
-13,22,i56VVlW/Ux1J6PdApAAOeb27jbc=,nmjufw1/D70V/7Rwv2KOrAZE4cI=
-5,22,i56VVlW/Ux1J6PdApAAOeb27jbc=,lJ9+PuU+TAUweOQcmusyt1cqmNA=
-15,23,i56VVlW/Ux1J6PdApAAOeb27jbc=,nmjufw1/D70V/7Rwv2KOrAZE4cI=
-8,23,i56VVlW/Ux1J6PdApAAOeb27jbc=,lJ9+PuU+TAUweOQcmusyt1cqmNA=
-7,23,i56VVlW/Ux1J6PdApAAOeb27jbc=,lJ9+PuU+TAUweOQcmusyt1cqmNA=
-13,23,i56VVlW/Ux1J6PdApAAOeb27jbc=,nmjufw1/D70V/7Rwv2KOrAZE4cI=
-14,23,i56VVlW/Ux1J6PdApAAOeb27jbc=,nmjufw1/D70V/7Rwv2KOrAZE4cI=
-6,23,l+1wOIm/KQPasderaOA3bTHXZDc=,lJ9+PuU+TAUweOQcmusyt1cqmNA=
-5,23,l+1wOIm/KQPasderaOA3bTHXZDc=,lJ9+PuU+TAUweOQcmusyt1cqmNA=
-10,23,l+1wOIm/KQPasderaOA3bTHXZDc=,nmjufw1/D70V/7Rwv2KOrAZE4cI=
-11,23,l+1wOIm/KQPasderaOA3bTHXZDc=,nmjufw1/D70V/7Rwv2KOrAZE4cI=
-12,23,aCvqFEN6og9tvNYMiEToz/5dnY0=,nmjufw1/D70V/7Rwv2KOrAZE4cI=
-12,22,aCvqFEN6og9tvNYMiEToz/5dnY0=,nmjufw1/D70V/7Rwv2KOrAZE4cI=
-10,22,aCvqFEN6og9tvNYMiEToz/5dnY0=,nmjufw1/D70V/7Rwv2KOrAZE4cI=
-11,22,aCvqFEN6og9tvNYMiEToz/5dnY0=,nmjufw1/D70V/7Rwv2KOrAZE4cI=
