-8,6,eijC2GGQS5Ts20tffqno9Fcar+U=,N45TytyRPjv/eIi/2s0GWko2fWI=
-9,7,eijC2GGQS5Ts20tffqno9Fcar+U=,sPNdBXvxLupLzvKhPS0SA2yKN3g=
-9,6,eijC2GGQS5Ts20tffqno9Fcar+U=,sPNdBXvxLupLzvKhPS0SA2yKN3g=
-10,6,eijC2GGQS5Ts20tffqno9Fcar+U=,sPNdBXvxLupLzvKhPS0SA2yKN3g=
-10,7,eijC2GGQS5Ts20tffqno9Fcar+U=,sPNdBXvxLupLzvKhPS0SA2yKN3g=
-7,6,eijC2GGQS5Ts20tffqno9Fcar+U=,N45TytyRPjv/eIi/2s0GWko2fWI=
-10,9,t1iDPTThKaDMiREsw3gJiznCoiI=,e9jh1B9zsOvlkSN9B3cS9BmliWA=
-8,8,t1iDPTThKaDMiREsw3gJiznCoiI=,nmjufw1/D70V/7Rwv2KOrAZE4cI=
-8,9,t1iDPTThKaDMiREsw3gJiznCoiI=,nmjufw1/D70V/7Rwv2KOrAZE4cI=
-7,7,t1iDPTThKaDMiREsw3gJiznCoiI=,N45TytyRPjv/eIi/2s0GWko2fWI=
-9,9,t1iDPTThKaDMiREsw3gJiznCoiI=,e9jh1B9zsOvlkSN9B3cS9BmliWA=
-10,8,t1iDPTThKaDMiREsw3gJiznCoiI=,e9jh1B9zsOvlkSN9B3cS9BmliWA=
-9,8,t1iDPTThKaDMiREsw3gJiznCoiI=,e9jh1B9zsOvlkSN9B3cS9BmliWA=
-7,8,t1iDPTThKaDMiREsw3gJiznCoiI=,nmjufw1/D70V/7Rwv2KOrAZE4cI=
-7,9,t1iDPTThKaDMiREsw3gJiznCoiI=,nmjufw1/D70V/7Rwv2KOrAZE4cI=
-8,7,t1iDPTThKaDMiREsw3gJiznCoiI=,N45TytyRPjv/eIi/2s0GWko2fWI=
-10,4,xkhn5CjqgajSZ0JisD0lgrFB4HE=,sPNdBXvxLupLzvKhPS0SA2yKN3g=
-10,2,xkhn5CjqgajSZ0JisD0lgrFB4HE=,n9bwaGb7Cdu+9x/m5wrsSMjwDOs=
-9,2,xkhn5CjqgajSZ0JisD0lgrFB4HE=,n9bwaGb7Cdu+9x/m5wrsSMjwDOs=
-9,4,xkhn5CjqgajSZ0JisD0lgrFB4HE=,sPNdBXvxLupLzvKhPS0SA2yKN3g=
-8,4,6cxuGRKptNwKG3gog2HVW8H1vwc=,N45TytyRPjv/eIi/2s0GWko2fWI=
-9,3,6cxuGRKptNwKG3gog2HVW8H1vwc=,n9bwaGb7Cdu+9x/m5wrsSMjwDOs=
-8,3,6cxuGRKptNwKG3gog2HVW8H1vwc=,iy9UQOhP3sKjzHK1663QZitBtss=
-10,3,6cxuGRKptNwKG3gog2HVW8H1vwc=,n9bwaGb7Cdu+9x/m5wrsSMjwDOs=
-7,5,6cxuGRKptNwKG3gog2HVW8H1vwc=,N45TytyRPjv/eIi/2s0GWko2fWI=
-8,2,6cxuGRKptNwKG3gog2HVW8H1vwc=,iy9UQOhP3sKjzHK1663QZitBtss=
-5,2,6cxuGRKptNwKG3gog2HVW8H1vwc=,iy9UQOhP3sKjzHK1663QZitBtss=
-10,5,6cxuGRKptNwKG3gog2HVW8H1vwc=,sPNdBXvxLupLzvKhPS0SA2yKN3g=
-7,4,j2nJmjpeuAWlwsuq2dsFJ4qHD18=,N45TytyRPjv/eIi/2s0GWko2fWI=
-3,3,j2nJmjpeuAWlwsuq2dsFJ4qHD18=,mzdcDxrn8RilwOmsDQyBRtYv4zs=
-5,5,j2nJmjpeuAWlwsuq2dsFJ4qHD18=,N45TytyRPjv/eIi/2s0GWko2fWI=
-3,2,j2nJmjpeuAWlwsuq2dsFJ4qHD18=,mzdcDxrn8RilwOmsDQyBRtYv4zs=
-9,5,j2nJmjpeuAWlwsuq2dsFJ4qHD18=,sPNdBXvxLupLzvKhPS0SA2yKN3g=
-7,3,j2nJmjpeuAWlwsuq2dsFJ4qHD18=,iy9UQOhP3sKjzHK1663QZitBtss=
-4,3,Xk8mwf/792dnZX3VgKF+eNss6i8=,mzdcDxrn8RilwOmsDQyBRtYv4zs=
-4,2,Xk8mwf/792dnZX3VgKF+eNss6i8=,mzdcDxrn8RilwOmsDQyBRtYv4zs=
-6,3,Xk8mwf/792dnZX3VgKF+eNss6i8=,iy9UQOhP3sKjzHK1663QZitBtss=
-7,2,Xk8mwf/792dnZX3VgKF+eNss6i8=,iy9UQOhP3sKjzHK1663QZitBtss=
-6,4,Xk8mwf/792dnZX3VgKF+eNss6i8=,N45TytyRPjv/eIi/2s0GWko2fWI=
-5,4,Xk8mwf/792dnZX3VgKF+eNss6i8=,N45TytyRPjv/eIi/2s0GWko2fWI=
-6,2,Xk8mwf/792dnZX3VgKF+eNss6i8=,iy9UQOhP3sKjzHK1663QZitBtss=
-6,5,Xk8mwf/792dnZX3VgKF+eNss6i8=,N45TytyRPjv/eIi/2s0GWko2fWI=
-8,5,Xk8mwf/792dnZX3VgKF+eNss6i8=,N45TytyRPjv/eIi/2s0GWko2fWI=
-3,5,Xk8mwf/792dnZX3VgKF+eNss6i8=,50z42IE7YFXeT8vjMu+k051j6vE=
-5,3,sNjOXvvI3a3efjZry7zAvPo64JE=,iy9UQOhP3sKjzHK1663QZitBtss=
-4,4,sNjOXvvI3a3efjZry7zAvPo64JE=,50z42IE7YFXeT8vjMu+k051j6vE=
-3,4,sNjOXvvI3a3efjZry7zAvPo64JE=,50z42IE7YFXeT8vjMu+k051j6vE=
-4,5,sNjOXvvI3a3efjZry7zAvPo64JE=,50z42IE7YFXeT8vjMu+k051j6vE=
-4,7,oOe04AJbtaVk9YSjIIeaRHrFd4I=,50z42IE7YFXeT8vjMu+k051j6vE=
-2,6,oOe04AJbtaVk9YSjIIeaRHrFd4I=,50z42IE7YFXeT8vjMu+k051j6vE=
-4,6,oOe04AJbtaVk9YSjIIeaRHrFd4I=,50z42IE7YFXeT8vjMu+k051j6vE=
-5,6,oOe04AJbtaVk9YSjIIeaRHrFd4I=,N45TytyRPjv/eIi/2s0GWko2fWI=
-1,4,oOe04AJbtaVk9YSjIIeaRHrFd4I=,50z42IE7YFXeT8vjMu+k051j6vE=
-3,7,oOe04AJbtaVk9YSjIIeaRHrFd4I=,50z42IE7YFXeT8vjMu+k051j6vE=
-3,6,nHK9ko4vJ7wWJ42K0rLPybabEZE=,50z42IE7YFXeT8vjMu+k051j6vE=
-6,7,nHK9ko4vJ7wWJ42K0rLPybabEZE=,N45TytyRPjv/eIi/2s0GWko2fWI=
-2,3,nHK9ko4vJ7wWJ42K0rLPybabEZE=,mzdcDxrn8RilwOmsDQyBRtYv4zs=
-2,7,nHK9ko4vJ7wWJ42K0rLPybabEZE=,50z42IE7YFXeT8vjMu+k051j6vE=
-1,2,nHK9ko4vJ7wWJ42K0rLPybabEZE=,mzdcDxrn8RilwOmsDQyBRtYv4zs=
-7,11,nHK9ko4vJ7wWJ42K0rLPybabEZE=,nmjufw1/D70V/7Rwv2KOrAZE4cI=
-1,3,nHK9ko4vJ7wWJ42K0rLPybabEZE=,mzdcDxrn8RilwOmsDQyBRtYv4zs=
-1,5,nHK9ko4vJ7wWJ42K0rLPybabEZE=,50z42IE7YFXeT8vjMu+k051j6vE=
-2,2,nHK9ko4vJ7wWJ42K0rLPybabEZE=,mzdcDxrn8RilwOmsDQyBRtYv4zs=
-2,4,i4uuqnmpvxoOg3qQdPW0Dx4c4Cw=,50z42IE7YFXeT8vjMu+k051j6vE=
-4,11,i4uuqnmpvxoOg3qQdPW0Dx4c4Cw=,lJ9+PuU+TAUweOQcmusyt1cqmNA=
-8,11,i4uuqnmpvxoOg3qQdPW0Dx4c4Cw=,nmjufw1/D70V/7Rwv2KOrAZE4cI=
-6,6,i4uuqnmpvxoOg3qQdPW0Dx4c4Cw=,N45TytyRPjv/eIi/2s0GWko2fWI=
-5,11,i4uuqnmpvxoOg3qQdPW0Dx4c4Cw=,nmjufw1/D70V/7Rwv2KOrAZE4cI=
-1,7,i4uuqnmpvxoOg3qQdPW0Dx4c4Cw=,50z42IE7YFXeT8vjMu+k051j6vE=
-2,5,i4uuqnmpvxoOg3qQdPW0Dx4c4Cw=,50z42IE7YFXeT8vjMu+k051j6vE=
-6,10,i4uuqnmpvxoOg3qQdPW0Dx4c4Cw=,nmjufw1/D70V/7Rwv2KOrAZE4cI=
-1,6,i4uuqnmpvxoOg3qQdPW0Dx4c4Cw=,50z42IE7YFXeT8vjMu+k051j6vE=
-5,7,i4uuqnmpvxoOg3qQdPW0Dx4c4Cw=,N45TytyRPjv/eIi/2s0GWko2fWI=
-4,10,i4uuqnmpvxoOg3qQdPW0Dx4c4Cw=,lJ9+PuU+TAUweOQcmusyt1cqmNA=
-6,11,CF0qf9Ei0qd0vIhidIEgtSI41CU=,nmjufw1/D70V/7Rwv2KOrAZE4cI=
-3,11,CF0qf9Ei0qd0vIhidIEgtSI41CU=,lJ9+PuU+TAUweOQcmusyt1cqmNA=
-3,10,CF0qf9Ei0qd0vIhidIEgtSI41CU=,lJ9+PuU+TAUweOQcmusyt1cqmNA=
-9,11,CF0qf9Ei0qd0vIhidIEgtSI41CU=,e9jh1B9zsOvlkSN9B3cS9BmliWA=
-10,10,CF0qf9Ei0qd0vIhidIEgtSI41CU=,e9jh1B9zsOvlkSN9B3cS9BmliWA=
-9,10,CF0qf9Ei0qd0vIhidIEgtSI41CU=,e9jh1B9zsOvlkSN9B3cS9BmliWA=
-6,8,CF0qf9Ei0qd0vIhidIEgtSI41CU=,nmjufw1/D70V/7Rwv2KOrAZE4cI=
-4,8,CF0qf9Ei0qd0vIhidIEgtSI41CU=,lJ9+PuU+TAUweOQcmusyt1cqmNA=
-5,10,CF0qf9Ei0qd0vIhidIEgtSI41CU=,nmjufw1/D70V/7Rwv2KOrAZE4cI=
-5,9,CF0qf9Ei0qd0vIhidIEgtSI41CU=,nmjufw1/D70V/7Rwv2KOrAZE4cI=
-2,8,CF0qf9Ei0qd0vIhidIEgtSI41CU=,lJ9+PuU+TAUweOQcmusyt1cqmNA=
-3,8,CF0qf9Ei0qd0vIhidIEgtSI41CU=,lJ9+PuU+TAUweOQcmusyt1cqmNA=
-1,8,CF0qf9Ei0qd0vIhidIEgtSI41CU=,lJ9+PuU+TAUweOQcmusyt1cqmNA=
-2,9,CF0qf9Ei0qd0vIhidIEgtSI41CU=,lJ9+PuU+TAUweOQcmusyt1cqmNA=
-6,9,czGOF8aAweMiAQxihZ+sRp0n4Gw=,nmjufw1/D70V/7Rwv2KOrAZE4cI=
-4,9,czGOF8aAweMiAQxihZ+sRp0n4Gw=,lJ9+PuU+TAUweOQcmusyt1cqmNA=
-3,9,czGOF8aAweMiAQxihZ+sRp0n4Gw=,lJ9+PuU+TAUweOQcmusyt1cqmNA=
-1,9,czGOF8aAweMiAQxihZ+sRp0n4Gw=,lJ9+PuU+TAUweOQcmusyt1cqmNA=
-10,11,czGOF8aAweMiAQxihZ+sRp0n4Gw=,e9jh1B9zsOvlkSN9B3cS9BmliWA=
-5,8,czGOF8aAweMiAQxihZ+sRp0n4Gw=,nmjufw1/D70V/7Rwv2KOrAZE4cI=
-7,10,czGOF8aAweMiAQxihZ+sRp0n4Gw=,nmjufw1/D70V/7Rwv2KOrAZE4cI=
-8,10,czGOF8aAweMiAQxihZ+sRp0n4Gw=,nmjufw1/D70V/7Rwv2KOrAZE4cI=
-11,10,NGYYmM6gNPhBvMKQnexgl/md8o8=,e9jh1B9zsOvlkSN9B3cS9BmliWA=
-12,7,NGYYmM6gNPhBvMKQnexgl/md8o8=,sPNdBXvxLupLzvKhPS0SA2yKN3g=
-12,11,NGYYmM6gNPhBvMKQnexgl/md8o8=,e9jh1B9zsOvlkSN9B3cS9BmliWA=
-12,10,NGYYmM6gNPhBvMKQnexgl/md8o8=,e9jh1B9zsOvlkSN9B3cS9BmliWA=
-11,11,BAfhucQBOQJcpjux/qBqBILYk/8=,e9jh1B9zsOvlkSN9B3cS9BmliWA=
-12,8,BAfhucQBOQJcpjux/qBqBILYk/8=,e9jh1B9zsOvlkSN9B3cS9BmliWA=
-12,6,BAfhucQBOQJcpjux/qBqBILYk/8=,sPNdBXvxLupLzvKhPS0SA2yKN3g=
-11,7,BAfhucQBOQJcpjux/qBqBILYk/8=,sPNdBXvxLupLzvKhPS0SA2yKN3g=
-12,4,BAfhucQBOQJcpjux/qBqBILYk/8=,sPNdBXvxLupLzvKhPS0SA2yKN3g=
-12,9,BAfhucQBOQJcpjux/qBqBILYk/8=,e9jh1B9zsOvlkSN9B3cS9BmliWA=
-12,5,BAfhucQBOQJcpjux/qBqBILYk/8=,sPNdBXvxLupLzvKhPS0SA2yKN3g=
-11,4,BAfhucQBOQJcpjux/qBqBILYk/8=,sPNdBXvxLupLzvKhPS0SA2yKN3g=
-12,2,BAfhucQBOQJcpjux/qBqBILYk/8=,n9bwaGb7Cdu+9x/m5wrsSMjwDOs=
-11,5,BAfhucQBOQJcpjux/qBqBILYk/8=,sPNdBXvxLupLzvKhPS0SA2yKN3g=
-12,3,BAfhucQBOQJcpjux/qBqBILYk/8=,n9bwaGb7Cdu+9x/m5wrsSMjwDOs=
-11,9,BAfhucQBOQJcpjux/qBqBILYk/8=,e9jh1B9zsOvlkSN9B3cS9BmliWA=
-11,3,BAfhucQBOQJcpjux/qBqBILYk/8=,n9bwaGb7Cdu+9x/m5wrsSMjwDOs=
-11,2,NJqMBNzLTNMPHpYZmH9nB5/Vca4=,n9bwaGb7Cdu+9x/m5wrsSMjwDOs=
-11,6,NJqMBNzLTNMPHpYZmH9nB5/Vca4=,sPNdBXvxLupLzvKhPS0SA2yKN3g=
-11,8,NJqMBNzLTNMPHpYZmH9nB5/Vca4=,e9jh1B9zsOvlkSN9B3cS9BmliWA=
-11,0,BFA5PrwBGYR5bo0I6+ku7jjPc4c=,n9bwaGb7Cdu+9x/m5wrsSMjwDOs=
-11,1,BFA5PrwBGYR5bo0I6+ku7jjPc4c=,n9bwaGb7Cdu+9x/m5wrsSMjwDOs=
-12,0,BFA5PrwBGYR5bo0I6+ku7jjPc4c=,n9bwaGb7Cdu+9x/m5wrsSMjwDOs=
-12,1,BFA5PrwBGYR5bo0I6+ku7jjPc4c=,n9bwaGb7Cdu+9x/m5wrsSMjwDOs=
-8,0,hGNVquzZUNavJXUyEZyB7InYnlk=,iy9UQOhP3sKjzHK1663QZitBtss=
-7,1,hGNVquzZUNavJXUyEZyB7InYnlk=,iy9UQOhP3sKjzHK1663QZitBtss=
-10,0,hGNVquzZUNavJXUyEZyB7InYnlk=,n9bwaGb7Cdu+9x/m5wrsSMjwDOs=
-7,0,hGNVquzZUNavJXUyEZyB7InYnlk=,iy9UQOhP3sKjzHK1663QZitBtss=
-8,1,hGNVquzZUNavJXUyEZyB7InYnlk=,iy9UQOhP3sKjzHK1663QZitBtss=
-9,0,hGNVquzZUNavJXUyEZyB7InYnlk=,n9bwaGb7Cdu+9x/m5wrsSMjwDOs=
-10,1,hGNVquzZUNavJXUyEZyB7InYnlk=,n9bwaGb7Cdu+9x/m5wrsSMjwDOs=
-9,1,hGNVquzZUNavJXUyEZyB7InYnlk=,n9bwaGb7Cdu+9x/m5wrsSMjwDOs=
-4,1,Abu2UO7po4yzZEwgk1qpjg4H9JM=,mzdcDxrn8RilwOmsDQyBRtYv4zs=
-4,0,Abu2UO7po4yzZEwgk1qpjg4H9JM=,mzdcDxrn8RilwOmsDQyBRtYv4zs=
-3,0,Abu2UO7po4yzZEwgk1qpjg4H9JM=,mzdcDxrn8RilwOmsDQyBRtYv4zs=
-5,0,Abu2UO7po4yzZEwgk1qpjg4H9JM=,iy9UQOhP3sKjzHK1663QZitBtss=
-5,1,Abu2UO7po4yzZEwgk1qpjg4H9JM=,iy9UQOhP3sKjzHK1663QZitBtss=
-6,1,Abu2UO7po4yzZEwgk1qpjg4H9JM=,iy9UQOhP3sKjzHK1663QZitBtss=
-3,1,Abu2UO7po4yzZEwgk1qpjg4H9JM=,mzdcDxrn8RilwOmsDQyBRtYv4zs=
-2,0,Abu2UO7po4yzZEwgk1qpjg4H9JM=,mzdcDxrn8RilwOmsDQyBRtYv4zs=
-2,1,Abu2UO7po4yzZEwgk1qpjg4H9JM=,mzdcDxrn8RilwOmsDQyBRtYv4zs=
-1,0,Abu2UO7po4yzZEwgk1qpjg4H9JM=,mzdcDxrn8RilwOmsDQyBRtYv4zs=
-1,1,Abu2UO7po4yzZEwgk1qpjg4H9JM=,mzdcDxrn8RilwOmsDQyBRtYv4zs=
-2,11,tRg7ivNl86GS+xSAdGJoOrX2rNg=,lJ9+PuU+TAUweOQcmusyt1cqmNA=
-1,10,tRg7ivNl86GS+xSAdGJoOrX2rNg=,lJ9+PuU+TAUweOQcmusyt1cqmNA=
-6,0,tRg7ivNl86GS+xSAdGJoOrX2rNg=,iy9UQOhP3sKjzHK1663QZitBtss=
-2,10,tRg7ivNl86GS+xSAdGJoOrX2rNg=,lJ9+PuU+TAUweOQcmusyt1cqmNA=
-1,11,tRg7ivNl86GS+xSAdGJoOrX2rNg=,lJ9+PuU+TAUweOQcmusyt1cqmNA=
