7,-7,YezRby5VUV4LqbI67JuVVXKnblA=,XwkuYBVk/HUM4RarVYXl6QEjUyk=
7,-8,YezRby5VUV4LqbI67JuVVXKnblA=,XwkuYBVk/HUM4RarVYXl6QEjUyk=
7,-9,YezRby5VUV4LqbI67JuVVXKnblA=,S5HvxBt6XZoEDEFPaT5f9+uobis=
6,-9,YezRby5VUV4LqbI67JuVVXKnblA=,S5HvxBt6XZoEDEFPaT5f9+uobis=
7,-10,YezRby5VUV4LqbI67JuVVXKnblA=,S5HvxBt6XZoEDEFPaT5f9+uobis=
6,-10,YezRby5VUV4LqbI67JuVVXKnblA=,S5HvxBt6XZoEDEFPaT5f9+uobis=
6,-7,YezRby5VUV4LqbI67JuVVXKnblA=,XwkuYBVk/HUM4RarVYXl6QEjUyk=
6,-8,YezRby5VUV4LqbI67JuVVXKnblA=,XwkuYBVk/HUM4RarVYXl6QEjUyk=
8,-9,KhRnjndKmK6tiDNIVs2kWzNdSFg=,r0CGjWa1KIK0SGJ/GrUO0oJsbnw=
9,-7,KhRnjndKmK6tiDNIVs2kWzNdSFg=,YC2/Shgv8r5RvNYoLaMmg4oOMB4=
9,-10,KhRnjndKmK6tiDNIVs2kWzNdSFg=,r0CGjWa1KIK0SGJ/GrUO0oJsbnw=
8,-10,KhRnjndKmK6tiDNIVs2kWzNdSFg=,r0CGjWa1KIK0SGJ/GrUO0oJsbnw=
8,-7,KhRnjndKmK6tiDNIVs2kWzNdSFg=,YC2/Shgv8r5RvNYoLaMmg4oOMB4=
8,-8,KhRnjndKmK6tiDNIVs2kWzNdSFg=,YC2/Shgv8r5RvNYoLaMmg4oOMB4=
9,-9,KhRnjndKmK6tiDNIVs2kWzNdSFg=,r0CGjWa1KIK0SGJ/GrUO0oJsbnw=
9,-8,KhRnjndKmK6tiDNIVs2kWzNdSFg=,YC2/Shgv8r5RvNYoLaMmg4oOMB4=
3,-9,HW3DtfvRRya7Gbc7pt/GqFidBjs=,rA3s0/KxawjaiuvlDDcUVyMiAyE=
2,-10,HW3DtfvRRya7Gbc7pt/GqFidBjs=,rA3s0/KxawjaiuvlDDcUVyMiAyE=
3,-10,HW3DtfvRRya7Gbc7pt/GqFidBjs=,rA3s0/KxawjaiuvlDDcUVyMiAyE=
4,-10,HW3DtfvRRya7Gbc7pt/GqFidBjs=,S5HvxBt6XZoEDEFPaT5f9+uobis=
2,-9,HW3DtfvRRya7Gbc7pt/GqFidBjs=,rA3s0/KxawjaiuvlDDcUVyMiAyE=
4,-9,HW3DtfvRRya7Gbc7pt/GqFidBjs=,S5HvxBt6XZoEDEFPaT5f9+uobis=
4,-6,HW3DtfvRRya7Gbc7pt/GqFidBjs=,XwkuYBVk/HUM4RarVYXl6QEjUyk=
5,-8,HW3DtfvRRya7Gbc7pt/GqFidBjs=,XwkuYBVk/HUM4RarVYXl6QEjUyk=
5,-6,db7+2tl7EpNrg6K/FHgz5q8anCg=,XwkuYBVk/HUM4RarVYXl6QEjUyk=
4,-7,db7+2tl7EpNrg6K/FHgz5q8anCg=,XwkuYBVk/HUM4RarVYXl6QEjUyk=
4,-4,db7+2tl7EpNrg6K/FHgz5q8anCg=,V81jKamirwjFNbl4Xw6BhstG+cc=
5,-7,db7+2tl7EpNrg6K/FHgz5q8anCg=,XwkuYBVk/HUM4RarVYXl6QEjUyk=
5,-9,db7+2tl7EpNrg6K/FHgz5q8anCg=,S5HvxBt6XZoEDEFPaT5f9+uobis=
3,-8,db7+2tl7EpNrg6K/FHgz5q8anCg=,V3jq8Lsu26iBugzLVpmWnTziW5o=
2,-7,db7+2tl7EpNrg6K/FHgz5q8anCg=,V3jq8Lsu26iBugzLVpmWnTziW5o=
2,-8,db7+2tl7EpNrg6K/FHgz5q8anCg=,V3jq8Lsu26iBugzLVpmWnTziW5o=
3,-6,db7+2tl7EpNrg6K/FHgz5q8anCg=,V3jq8Lsu26iBugzLVpmWnTziW5o=
3,-7,db7+2tl7EpNrg6K/FHgz5q8anCg=,V3jq8Lsu26iBugzLVpmWnTziW5o=
5,-3,db7+2tl7EpNrg6K/FHgz5q8anCg=,V81jKamirwjFNbl4Xw6BhstG+cc=
5,-5,db7+2tl7EpNrg6K/FHgz5q8anCg=,XwkuYBVk/HUM4RarVYXl6QEjUyk=
3,-3,db7+2tl7EpNrg6K/FHgz5q8anCg=,ZX0qmGOEhPuPFMamWOfuV8al91o=
5,-4,dwW14jkaSK6T933PFlm4L8+TUL0=,V81jKamirwjFNbl4Xw6BhstG+cc=
2,-6,dwW14jkaSK6T933PFlm4L8+TUL0=,V3jq8Lsu26iBugzLVpmWnTziW5o=
5,-10,dwW14jkaSK6T933PFlm4L8+TUL0=,S5HvxBt6XZoEDEFPaT5f9+uobis=
2,-3,dwW14jkaSK6T933PFlm4L8+TUL0=,ZX0qmGOEhPuPFMamWOfuV8al91o=
4,-3,dwW14jkaSK6T933PFlm4L8+TUL0=,V81jKamirwjFNbl4Xw6BhstG+cc=
4,-5,dwW14jkaSK6T933PFlm4L8+TUL0=,XwkuYBVk/HUM4RarVYXl6QEjUyk=
3,-5,dwW14jkaSK6T933PFlm4L8+TUL0=,V3jq8Lsu26iBugzLVpmWnTziW5o=
2,-5,dwW14jkaSK6T933PFlm4L8+TUL0=,V3jq8Lsu26iBugzLVpmWnTziW5o=
4,-8,VNuwyqh1b1Vh1yu6YzFlcjnLiEM=,XwkuYBVk/HUM4RarVYXl6QEjUyk=
3,-4,VNuwyqh1b1Vh1yu6YzFlcjnLiEM=,ZX0qmGOEhPuPFMamWOfuV8al91o=
2,-4,VNuwyqh1b1Vh1yu6YzFlcjnLiEM=,ZX0qmGOEhPuPFMamWOfuV8al91o=
11,-7,cgptLjlkSucWtsXSB8VEATvLO8s=,YC2/Shgv8r5RvNYoLaMmg4oOMB4=
10,-10,cgptLjlkSucWtsXSB8VEATvLO8s=,r0CGjWa1KIK0SGJ/GrUO0oJsbnw=
10,-9,cgptLjlkSucWtsXSB8VEATvLO8s=,r0CGjWa1KIK0SGJ/GrUO0oJsbnw=
11,-8,cgptLjlkSucWtsXSB8VEATvLO8s=,YC2/Shgv8r5RvNYoLaMmg4oOMB4=
11,-9,cgptLjlkSucWtsXSB8VEATvLO8s=,r0CGjWa1KIK0SGJ/GrUO0oJsbnw=
6,-5,cgptLjlkSucWtsXSB8VEATvLO8s=,XwkuYBVk/HUM4RarVYXl6QEjUyk=
10,-7,cgptLjlkSucWtsXSB8VEATvLO8s=,YC2/Shgv8r5RvNYoLaMmg4oOMB4=
11,-10,cgptLjlkSucWtsXSB8VEATvLO8s=,r0CGjWa1KIK0SGJ/GrUO0oJsbnw=
10,-8,cgptLjlkSucWtsXSB8VEATvLO8s=,YC2/Shgv8r5RvNYoLaMmg4oOMB4=
7,-3,nBqt9EJhitMge2vMJNmCXan1utc=,V81jKamirwjFNbl4Xw6BhstG+cc=
7,-5,nBqt9EJhitMge2vMJNmCXan1utc=,XwkuYBVk/HUM4RarVYXl6QEjUyk=
7,-6,nBqt9EJhitMge2vMJNmCXan1utc=,XwkuYBVk/HUM4RarVYXl6QEjUyk=
6,-3,nBqt9EJhitMge2vMJNmCXan1utc=,V81jKamirwjFNbl4Xw6BhstG+cc=
6,-6,nBqt9EJhitMge2vMJNmCXan1utc=,XwkuYBVk/HUM4RarVYXl6QEjUyk=
10,-4,nBqt9EJhitMge2vMJNmCXan1utc=,C8rJI/vwAy5vbbBvUyqhfAE7vUo=
9,-6,nBqt9EJhitMge2vMJNmCXan1utc=,YC2/Shgv8r5RvNYoLaMmg4oOMB4=
7,-4,nBqt9EJhitMge2vMJNmCXan1utc=,V81jKamirwjFNbl4Xw6BhstG+cc=
10,-6,nBqt9EJhitMge2vMJNmCXan1utc=,YC2/Shgv8r5RvNYoLaMmg4oOMB4=
8,-6,nBqt9EJhitMge2vMJNmCXan1utc=,YC2/Shgv8r5RvNYoLaMmg4oOMB4=
11,-6,nBqt9EJhitMge2vMJNmCXan1utc=,YC2/Shgv8r5RvNYoLaMmg4oOMB4=
6,-4,nBqt9EJhitMge2vMJNmCXan1utc=,V81jKamirwjFNbl4Xw6BhstG+cc=
11,-5,Yz3uKXeIHsYPuAGvLK87fMk3BmU=,YC2/Shgv8r5RvNYoLaMmg4oOMB4=
8,-3,Yz3uKXeIHsYPuAGvLK87fMk3BmU=,C8rJI/vwAy5vbbBvUyqhfAE7vUo=
11,-4,Yz3uKXeIHsYPuAGvLK87fMk3BmU=,C8rJI/vwAy5vbbBvUyqhfAE7vUo=
9,-3,Yz3uKXeIHsYPuAGvLK87fMk3BmU=,C8rJI/vwAy5vbbBvUyqhfAE7vUo=
9,-4,Yz3uKXeIHsYPuAGvLK87fMk3BmU=,C8rJI/vwAy5vbbBvUyqhfAE7vUo=
11,-3,Yz3uKXeIHsYPuAGvLK87fMk3BmU=,C8rJI/vwAy5vbbBvUyqhfAE7vUo=
9,-5,Yz3uKXeIHsYPuAGvLK87fMk3BmU=,YC2/Shgv8r5RvNYoLaMmg4oOMB4=
8,-4,Yz3uKXeIHsYPuAGvLK87fMk3BmU=,C8rJI/vwAy5vbbBvUyqhfAE7vUo=
10,-3,Yz3uKXeIHsYPuAGvLK87fMk3BmU=,C8rJI/vwAy5vbbBvUyqhfAE7vUo=
8,-5,Yz3uKXeIHsYPuAGvLK87fMk3BmU=,YC2/Shgv8r5RvNYoLaMmg4oOMB4=
10,-5,2RuiNJhdOF0wjifNew83E7tl1sE=,YC2/Shgv8r5RvNYoLaMmg4oOMB4=
7,-1,2RuiNJhdOF0wjifNew83E7tl1sE=,V81jKamirwjFNbl4Xw6BhstG+cc=
8,-1,2RuiNJhdOF0wjifNew83E7tl1sE=,C8rJI/vwAy5vbbBvUyqhfAE7vUo=
8,-2,2RuiNJhdOF0wjifNew83E7tl1sE=,C8rJI/vwAy5vbbBvUyqhfAE7vUo=
6,-2,2RuiNJhdOF0wjifNew83E7tl1sE=,V81jKamirwjFNbl4Xw6BhstG+cc=
9,-1,2RuiNJhdOF0wjifNew83E7tl1sE=,C8rJI/vwAy5vbbBvUyqhfAE7vUo=
6,-1,2RuiNJhdOF0wjifNew83E7tl1sE=,V81jKamirwjFNbl4Xw6BhstG+cc=
7,-2,2RuiNJhdOF0wjifNew83E7tl1sE=,V81jKamirwjFNbl4Xw6BhstG+cc=
9,-2,2RuiNJhdOF0wjifNew83E7tl1sE=,C8rJI/vwAy5vbbBvUyqhfAE7vUo=
5,-1,hEy8VdSf5GN46vozXIAU1oYOMg4=,V81jKamirwjFNbl4Xw6BhstG+cc=
2,-2,aUprVl7H2HvvDjK8nlWRbc8LAMA=,ZX0qmGOEhPuPFMamWOfuV8al91o=
3,-2,aUprVl7H2HvvDjK8nlWRbc8LAMA=,ZX0qmGOEhPuPFMamWOfuV8al91o=
3,-1,aUprVl7H2HvvDjK8nlWRbc8LAMA=,ZX0qmGOEhPuPFMamWOfuV8al91o=
0,-5,aUprVl7H2HvvDjK8nlWRbc8LAMA=,V3jq8Lsu26iBugzLVpmWnTziW5o=
4,-2,aUprVl7H2HvvDjK8nlWRbc8LAMA=,V81jKamirwjFNbl4Xw6BhstG+cc=
0,-6,aUprVl7H2HvvDjK8nlWRbc8LAMA=,V3jq8Lsu26iBugzLVpmWnTziW5o=
0,-1,sHCv5lyaMsSFqKMencoMpP3E6s8=,ZX0qmGOEhPuPFMamWOfuV8al91o=
0,-2,sHCv5lyaMsSFqKMencoMpP3E6s8=,ZX0qmGOEhPuPFMamWOfuV8al91o=
1,-5,sHCv5lyaMsSFqKMencoMpP3E6s8=,V3jq8Lsu26iBugzLVpmWnTziW5o=
5,-2,sHCv5lyaMsSFqKMencoMpP3E6s8=,V81jKamirwjFNbl4Xw6BhstG+cc=
1,-4,sHCv5lyaMsSFqKMencoMpP3E6s8=,ZX0qmGOEhPuPFMamWOfuV8al91o=
1,-6,sHCv5lyaMsSFqKMencoMpP3E6s8=,V3jq8Lsu26iBugzLVpmWnTziW5o=
0,-3,sHCv5lyaMsSFqKMencoMpP3E6s8=,ZX0qmGOEhPuPFMamWOfuV8al91o=
1,-3,sHCv5lyaMsSFqKMencoMpP3E6s8=,ZX0qmGOEhPuPFMamWOfuV8al91o=
4,-1,b1H502evjUIvObCfWA6y/REVrHg=,V81jKamirwjFNbl4Xw6BhstG+cc=
1,-2,b1H502evjUIvObCfWA6y/REVrHg=,ZX0qmGOEhPuPFMamWOfuV8al91o=
2,-1,b1H502evjUIvObCfWA6y/REVrHg=,ZX0qmGOEhPuPFMamWOfuV8al91o=
0,-4,b1H502evjUIvObCfWA6y/REVrHg=,ZX0qmGOEhPuPFMamWOfuV8al91o=
1,-1,b1H502evjUIvObCfWA6y/REVrHg=,ZX0qmGOEhPuPFMamWOfuV8al91o=
9,-12,w7kMyAW4XKIpv7u69ZqXJseUZyk=,r0CGjWa1KIK0SGJ/GrUO0oJsbnw=
6,-12,w7kMyAW4XKIpv7u69ZqXJseUZyk=,S5HvxBt6XZoEDEFPaT5f9+uobis=
7,-12,w7kMyAW4XKIpv7u69ZqXJseUZyk=,S5HvxBt6XZoEDEFPaT5f9+uobis=
9,-11,w7kMyAW4XKIpv7u69ZqXJseUZyk=,r0CGjWa1KIK0SGJ/GrUO0oJsbnw=
8,-11,w7kMyAW4XKIpv7u69ZqXJseUZyk=,r0CGjWa1KIK0SGJ/GrUO0oJsbnw=
7,-11,w7kMyAW4XKIpv7u69ZqXJseUZyk=,S5HvxBt6XZoEDEFPaT5f9+uobis=
6,-11,w7kMyAW4XKIpv7u69ZqXJseUZyk=,S5HvxBt6XZoEDEFPaT5f9+uobis=
8,-12,w7kMyAW4XKIpv7u69ZqXJseUZyk=,r0CGjWa1KIK0SGJ/GrUO0oJsbnw=
10,-11,w7kMyAW4XKIpv7u69ZqXJseUZyk=,r0CGjWa1KIK0SGJ/GrUO0oJsbnw=
11,-12,w7kMyAW4XKIpv7u69ZqXJseUZyk=,r0CGjWa1KIK0SGJ/GrUO0oJsbnw=
10,-12,mzrKreq7iWg2S14dn98yCEjPzrY=,r0CGjWa1KIK0SGJ/GrUO0oJsbnw=
11,-11,mzrKreq7iWg2S14dn98yCEjPzrY=,r0CGjWa1KIK0SGJ/GrUO0oJsbnw=
11,-1,gFb95zvxN8/DKRlwtsuPc+49QWw=,C8rJI/vwAy5vbbBvUyqhfAE7vUo=
10,-1,gFb95zvxN8/DKRlwtsuPc+49QWw=,C8rJI/vwAy5vbbBvUyqhfAE7vUo=
10,-2,gFb95zvxN8/DKRlwtsuPc+49QWw=,C8rJI/vwAy5vbbBvUyqhfAE7vUo=
11,-2,gFb95zvxN8/DKRlwtsuPc+49QWw=,C8rJI/vwAy5vbbBvUyqhfAE7vUo=
5,-12,gFb95zvxN8/DKRlwtsuPc+49QWw=,S5HvxBt6XZoEDEFPaT5f9+uobis=
4,-12,gFb95zvxN8/DKRlwtsuPc+49QWw=,S5HvxBt6XZoEDEFPaT5f9+uobis=
0,-11,WY+JhjbQqg2OO/zyCkZtCByfVZE=,rA3s0/KxawjaiuvlDDcUVyMiAyE=
1,-12,WY+JhjbQqg2OO/zyCkZtCByfVZE=,rA3s0/KxawjaiuvlDDcUVyMiAyE=
3,-11,WY+JhjbQqg2OO/zyCkZtCByfVZE=,rA3s0/KxawjaiuvlDDcUVyMiAyE=
2,-12,WY+JhjbQqg2OO/zyCkZtCByfVZE=,rA3s0/KxawjaiuvlDDcUVyMiAyE=
3,-12,WY+JhjbQqg2OO/zyCkZtCByfVZE=,rA3s0/KxawjaiuvlDDcUVyMiAyE=
2,-11,WY+JhjbQqg2OO/zyCkZtCByfVZE=,rA3s0/KxawjaiuvlDDcUVyMiAyE=
0,-12,1GPqFLLg+VdJNFRIZVG4DfU4m3s=,rA3s0/KxawjaiuvlDDcUVyMiAyE=
5,-11,WY+JhjbQqg2OO/zyCkZtCByfVZE=,S5HvxBt6XZoEDEFPaT5f9+uobis=
4,-11,1GPqFLLg+VdJNFRIZVG4DfU4m3s=,S5HvxBt6XZoEDEFPaT5f9+uobis=
0,-9,1GPqFLLg+VdJNFRIZVG4DfU4m3s=,rA3s0/KxawjaiuvlDDcUVyMiAyE=
0,-10,1GPqFLLg+VdJNFRIZVG4DfU4m3s=,rA3s0/KxawjaiuvlDDcUVyMiAyE=
0,-8,1GPqFLLg+VdJNFRIZVG4DfU4m3s=,V3jq8Lsu26iBugzLVpmWnTziW5o=
1,-11,1GPqFLLg+VdJNFRIZVG4DfU4m3s=,rA3s0/KxawjaiuvlDDcUVyMiAyE=
1,-10,1GPqFLLg+VdJNFRIZVG4DfU4m3s=,rA3s0/KxawjaiuvlDDcUVyMiAyE=
1,-9,1GPqFLLg+VdJNFRIZVG4DfU4m3s=,rA3s0/KxawjaiuvlDDcUVyMiAyE=
1,-8,1GPqFLLg+VdJNFRIZVG4DfU4m3s=,V3jq8Lsu26iBugzLVpmWnTziW5o=
1,-7,1GPqFLLg+VdJNFRIZVG4DfU4m3s=,V3jq8Lsu26iBugzLVpmWnTziW5o=
0,-7,1GPqFLLg+VdJNFRIZVG4DfU4m3s=,V3jq8Lsu26iBugzLVpmWnTziW5o=
