-9,-10,x9MXWvR14Rj5gXY1olpZNYWDVuY=,KOkOzb/Ghch1GtBShzWvYM7Z+Go=
-10,-9,x9MXWvR14Rj5gXY1olpZNYWDVuY=,KOkOzb/Ghch1GtBShzWvYM7Z+Go=
-10,-10,x9MXWvR14Rj5gXY1olpZNYWDVuY=,KOkOzb/Ghch1GtBShzWvYM7Z+Go=
-7,-10,48j1FO28zftEZmfBCIdXU1o/Wms=,6iwFbDA40qzvT/Rhg4vohct9cWw=
-8,-10,48j1FO28zftEZmfBCIdXU1o/Wms=,6iwFbDA40qzvT/Rhg4vohct9cWw=
-9,-7,48j1FO28zftEZmfBCIdXU1o/Wms=,hUKmsM7OY4iM6dJrNzE9WpjgljA=
-9,-8,48j1FO28zftEZmfBCIdXU1o/Wms=,hUKmsM7OY4iM6dJrNzE9WpjgljA=
-10,-8,48j1FO28zftEZmfBCIdXU1o/Wms=,hUKmsM7OY4iM6dJrNzE9WpjgljA=
-10,-7,48j1FO28zftEZmfBCIdXU1o/Wms=,hUKmsM7OY4iM6dJrNzE9WpjgljA=
-9,-9,48j1FO28zftEZmfBCIdXU1o/Wms=,KOkOzb/Ghch1GtBShzWvYM7Z+Go=
-7,-8,48j1FO28zftEZmfBCIdXU1o/Wms=,EL+iAm/Szr0ZVrHXYw+4RXFtcZU=
-7,-7,48j1FO28zftEZmfBCIdXU1o/Wms=,EL+iAm/Szr0ZVrHXYw+4RXFtcZU=
-7,-9,N26Exw/EKqMw4/JDQZ7JleWM9MQ=,6iwFbDA40qzvT/Rhg4vohct9cWw=
-8,-9,N26Exw/EKqMw4/JDQZ7JleWM9MQ=,6iwFbDA40qzvT/Rhg4vohct9cWw=
-8,-7,N26Exw/EKqMw4/JDQZ7JleWM9MQ=,EL+iAm/Szr0ZVrHXYw+4RXFtcZU=
-8,-8,N26Exw/EKqMw4/JDQZ7JleWM9MQ=,EL+iAm/Szr0ZVrHXYw+4RXFtcZU=
-5,-4,ZCwLbmkpf61CRVS/vPXd7yPid/8=,ipKg4exYuIw042yn2/GzQ99Zq/0=
-5,-3,ZCwLbmkpf61CRVS/vPXd7yPid/8=,ipKg4exYuIw042yn2/GzQ99Zq/0=
-4,-3,ZCwLbmkpf61CRVS/vPXd7yPid/8=,b+2WHH7Sozx+d7W5oYsC8BkYLCA=
-6,-5,ZCwLbmkpf61CRVS/vPXd7yPid/8=,EL+iAm/Szr0ZVrHXYw+4RXFtcZU=
-5,-5,ZCwLbmkpf61CRVS/vPXd7yPid/8=,EL+iAm/Szr0ZVrHXYw+4RXFtcZU=
-4,-4,ZCwLbmkpf61CRVS/vPXd7yPid/8=,b+2WHH7Sozx+d7W5oYsC8BkYLCA=
-5,-6,ikPuiiSt+R9aFDZjqN9wmCPsdf0=,EL+iAm/Szr0ZVrHXYw+4RXFtcZU=
-3,-3,ikPuiiSt+R9aFDZjqN9wmCPsdf0=,b+2WHH7Sozx+d7W5oYsC8BkYLCA=
-6,-6,ikPuiiSt+R9aFDZjqN9wmCPsdf0=,EL+iAm/Szr0ZVrHXYw+4RXFtcZU=
-4,-6,ikPuiiSt+R9aFDZjqN9wmCPsdf0=,8OaYvbX6io0Fy0iHzbvZoLinPH8=
-6,-3,ikPuiiSt+R9aFDZjqN9wmCPsdf0=,ipKg4exYuIw042yn2/GzQ99Zq/0=
-3,-5,VEjKTa3e5O2wrW5OxrroJFjR/Hc=,8OaYvbX6io0Fy0iHzbvZoLinPH8=
-3,-4,VEjKTa3e5O2wrW5OxrroJFjR/Hc=,b+2WHH7Sozx+d7W5oYsC8BkYLCA=
-6,-4,VEjKTa3e5O2wrW5OxrroJFjR/Hc=,ipKg4exYuIw042yn2/GzQ99Zq/0=
-3,-6,VEjKTa3e5O2wrW5OxrroJFjR/Hc=,8OaYvbX6io0Fy0iHzbvZoLinPH8=
-4,-5,VEjKTa3e5O2wrW5OxrroJFjR/Hc=,8OaYvbX6io0Fy0iHzbvZoLinPH8=
-6,-10,kDjtmosc7QSt5UVkMFUk2e5fqCs=,6iwFbDA40qzvT/Rhg4vohct9cWw=
-5,-9,kDjtmosc7QSt5UVkMFUk2e5fqCs=,6iwFbDA40qzvT/Rhg4vohct9cWw=
-6,-9,kDjtmosc7QSt5UVkMFUk2e5fqCs=,6iwFbDA40qzvT/Rhg4vohct9cWw=
-4,-7,kDjtmosc7QSt5UVkMFUk2e5fqCs=,8OaYvbX6io0Fy0iHzbvZoLinPH8=
-3,-7,kDjtmosc7QSt5UVkMFUk2e5fqCs=,8OaYvbX6io0Fy0iHzbvZoLinPH8=
-6,-7,kDjtmosc7QSt5UVkMFUk2e5fqCs=,EL+iAm/Szr0ZVrHXYw+4RXFtcZU=
-1,-10,kDjtmosc7QSt5UVkMFUk2e5fqCs=,SgyDsQiqnmiYCA7cz1z3zz0LAmk=
-5,-7,kDjtmosc7QSt5UVkMFUk2e5fqCs=,EL+iAm/Szr0ZVrHXYw+4RXFtcZU=
-1,-9,TW0QR2MmxlYhnABkBqBYGBOPlOE=,SgyDsQiqnmiYCA7cz1z3zz0LAmk=
-6,-8,TW0QR2MmxlYhnABkBqBYGBOPlOE=,EL+iAm/Szr0ZVrHXYw+4RXFtcZU=
-2,-7,TW0QR2MmxlYhnABkBqBYGBOPlOE=,8OaYvbX6io0Fy0iHzbvZoLinPH8=
-4,-8,TW0QR2MmxlYhnABkBqBYGBOPlOE=,8OaYvbX6io0Fy0iHzbvZoLinPH8=
-4,-10,TW0QR2MmxlYhnABkBqBYGBOPlOE=,SgyDsQiqnmiYCA7cz1z3zz0LAmk=
-2,-10,TW0QR2MmxlYhnABkBqBYGBOPlOE=,SgyDsQiqnmiYCA7cz1z3zz0LAmk=
-5,-10,TW0QR2MmxlYhnABkBqBYGBOPlOE=,6iwFbDA40qzvT/Rhg4vohct9cWw=
-1,-7,TW0QR2MmxlYhnABkBqBYGBOPlOE=,8OaYvbX6io0Fy0iHzbvZoLinPH8=
-4,-9,TW0QR2MmxlYhnABkBqBYGBOPlOE=,SgyDsQiqnmiYCA7cz1z3zz0LAmk=
-3,-10,TW0QR2MmxlYhnABkBqBYGBOPlOE=,SgyDsQiqnmiYCA7cz1z3zz0LAmk=
-3,-8,TW0QR2MmxlYhnABkBqBYGBOPlOE=,8OaYvbX6io0Fy0iHzbvZoLinPH8=
-3,-9,TW0QR2MmxlYhnABkBqBYGBOPlOE=,SgyDsQiqnmiYCA7cz1z3zz0LAmk=
-2,-8,TW0QR2MmxlYhnABkBqBYGBOPlOE=,8OaYvbX6io0Fy0iHzbvZoLinPH8=
-2,-9,TW0QR2MmxlYhnABkBqBYGBOPlOE=,SgyDsQiqnmiYCA7cz1z3zz0LAmk=
-5,-8,TW0QR2MmxlYhnABkBqBYGBOPlOE=,EL+iAm/Szr0ZVrHXYw+4RXFtcZU=
-1,-8,sA3nqv7LcMOW3ZWhmvuPaW9i3GI=,8OaYvbX6io0Fy0iHzbvZoLinPH8=
-10,-6,sA3nqv7LcMOW3ZWhmvuPaW9i3GI=,hUKmsM7OY4iM6dJrNzE9WpjgljA=
-10,-5,sA3nqv7LcMOW3ZWhmvuPaW9i3GI=,hUKmsM7OY4iM6dJrNzE9WpjgljA=
-9,-4,sA3nqv7LcMOW3ZWhmvuPaW9i3GI=,qf89y2rIUvJ5zikif2l+wKMtgKI=
-9,-6,sA3nqv7LcMOW3ZWhmvuPaW9i3GI=,hUKmsM7OY4iM6dJrNzE9WpjgljA=
-9,-5,sA3nqv7LcMOW3ZWhmvuPaW9i3GI=,hUKmsM7OY4iM6dJrNzE9WpjgljA=
-9,-3,sA3nqv7LcMOW3ZWhmvuPaW9i3GI=,qf89y2rIUvJ5zikif2l+wKMtgKI=
-10,-3,sA3nqv7LcMOW3ZWhmvuPaW9i3GI=,qf89y2rIUvJ5zikif2l+wKMtgKI=
-10,-4,sA3nqv7LcMOW3ZWhmvuPaW9i3GI=,qf89y2rIUvJ5zikif2l+wKMtgKI=
-8,-4,e6XQpmqoI3DwQLtF1EuUw1ztgMs=,ipKg4exYuIw042yn2/GzQ99Zq/0=
-7,-5,e6XQpmqoI3DwQLtF1EuUw1ztgMs=,EL+iAm/Szr0ZVrHXYw+4RXFtcZU=
-8,-5,e6XQpmqoI3DwQLtF1EuUw1ztgMs=,EL+iAm/Szr0ZVrHXYw+4RXFtcZU=
-7,-3,e6XQpmqoI3DwQLtF1EuUw1ztgMs=,ipKg4exYuIw042yn2/GzQ99Zq/0=
-10,-1,e6XQpmqoI3DwQLtF1EuUw1ztgMs=,qf89y2rIUvJ5zikif2l+wKMtgKI=
-8,-6,e6XQpmqoI3DwQLtF1EuUw1ztgMs=,EL+iAm/Szr0ZVrHXYw+4RXFtcZU=
-10,-2,e6XQpmqoI3DwQLtF1EuUw1ztgMs=,qf89y2rIUvJ5zikif2l+wKMtgKI=
-7,-4,e6XQpmqoI3DwQLtF1EuUw1ztgMs=,ipKg4exYuIw042yn2/GzQ99Zq/0=
-9,-1,e6XQpmqoI3DwQLtF1EuUw1ztgMs=,qf89y2rIUvJ5zikif2l+wKMtgKI=
-8,-3,e6XQpmqoI3DwQLtF1EuUw1ztgMs=,ipKg4exYuIw042yn2/GzQ99Zq/0=
-7,-1,e6XQpmqoI3DwQLtF1EuUw1ztgMs=,ipKg4exYuIw042yn2/GzQ99Zq/0=
-9,-2,e6XQpmqoI3DwQLtF1EuUw1ztgMs=,qf89y2rIUvJ5zikif2l+wKMtgKI=
-8,-1,Vnev7sMiqvZSqwa+MZORuTvU4ho=,ipKg4exYuIw042yn2/GzQ99Zq/0=
-7,-6,Vnev7sMiqvZSqwa+MZORuTvU4ho=,EL+iAm/Szr0ZVrHXYw+4RXFtcZU=
-5,-1,D7PKnS76zQXE8KnYUnCp9EWEC4o=,ipKg4exYuIw042yn2/GzQ99Zq/0=
-7,-2,D7PKnS76zQXE8KnYUnCp9EWEC4o=,ipKg4exYuIw042yn2/GzQ99Zq/0=
-4,-1,D7PKnS76zQXE8KnYUnCp9EWEC4o=,b+2WHH7Sozx+d7W5oYsC8BkYLCA=
-4,-2,D7PKnS76zQXE8KnYUnCp9EWEC4o=,b+2WHH7Sozx+d7W5oYsC8BkYLCA=
-8,-2,D7PKnS76zQXE8KnYUnCp9EWEC4o=,ipKg4exYuIw042yn2/GzQ99Zq/0=
-6,-1,D7PKnS76zQXE8KnYUnCp9EWEC4o=,ipKg4exYuIw042yn2/GzQ99Zq/0=
-6,-2,D7PKnS76zQXE8KnYUnCp9EWEC4o=,ipKg4exYuIw042yn2/GzQ99Zq/0=
-3,-1,D7PKnS76zQXE8KnYUnCp9EWEC4o=,b+2WHH7Sozx+d7W5oYsC8BkYLCA=
-5,-2,D7PKnS76zQXE8KnYUnCp9EWEC4o=,ipKg4exYuIw042yn2/GzQ99Zq/0=
-3,-2,D7PKnS76zQXE8KnYUnCp9EWEC4o=,b+2WHH7Sozx+d7W5oYsC8BkYLCA=
-1,-4,zOrQn9xSikImYUJ0JGIFldMOCjY=,b+2WHH7Sozx+d7W5oYsC8BkYLCA=
-2,-4,zOrQn9xSikImYUJ0JGIFldMOCjY=,b+2WHH7Sozx+d7W5oYsC8BkYLCA=
-2,-1,zOrQn9xSikImYUJ0JGIFldMOCjY=,b+2WHH7Sozx+d7W5oYsC8BkYLCA=
-1,-3,zOrQn9xSikImYUJ0JGIFldMOCjY=,b+2WHH7Sozx+d7W5oYsC8BkYLCA=
-1,-1,lMZEaPJlL+pJ6YFBlYqV4DZd5qc=,b+2WHH7Sozx+d7W5oYsC8BkYLCA=
-2,-2,lMZEaPJlL+pJ6YFBlYqV4DZd5qc=,b+2WHH7Sozx+d7W5oYsC8BkYLCA=
-2,-6,lMZEaPJlL+pJ6YFBlYqV4DZd5qc=,8OaYvbX6io0Fy0iHzbvZoLinPH8=
-1,-2,lMZEaPJlL+pJ6YFBlYqV4DZd5qc=,b+2WHH7Sozx+d7W5oYsC8BkYLCA=
-1,-5,lMZEaPJlL+pJ6YFBlYqV4DZd5qc=,8OaYvbX6io0Fy0iHzbvZoLinPH8=
-2,-5,lMZEaPJlL+pJ6YFBlYqV4DZd5qc=,8OaYvbX6io0Fy0iHzbvZoLinPH8=
-2,-3,lMZEaPJlL+pJ6YFBlYqV4DZd5qc=,b+2WHH7Sozx+d7W5oYsC8BkYLCA=
-1,-6,lMZEaPJlL+pJ6YFBlYqV4DZd5qc=,8OaYvbX6io0Fy0iHzbvZoLinPH8=
-11,-5,ey8DDv3Mb9I5jpTjenrI1XypZGI=,hUKmsM7OY4iM6dJrNzE9WpjgljA=
-11,-6,ey8DDv3Mb9I5jpTjenrI1XypZGI=,hUKmsM7OY4iM6dJrNzE9WpjgljA=
-11,-3,ey8DDv3Mb9I5jpTjenrI1XypZGI=,qf89y2rIUvJ5zikif2l+wKMtgKI=
-11,-4,ey8DDv3Mb9I5jpTjenrI1XypZGI=,qf89y2rIUvJ5zikif2l+wKMtgKI=
-7,-11,ey8DDv3Mb9I5jpTjenrI1XypZGI=,6iwFbDA40qzvT/Rhg4vohct9cWw=
-8,-11,ey8DDv3Mb9I5jpTjenrI1XypZGI=,6iwFbDA40qzvT/Rhg4vohct9cWw=
-11,-7,qFbgzaS1JCy6fHy9IZejwSK0GDo=,hUKmsM7OY4iM6dJrNzE9WpjgljA=
-11,-9,qFbgzaS1JCy6fHy9IZejwSK0GDo=,KOkOzb/Ghch1GtBShzWvYM7Z+Go=
-11,-8,qFbgzaS1JCy6fHy9IZejwSK0GDo=,hUKmsM7OY4iM6dJrNzE9WpjgljA=
-9,-11,qFbgzaS1JCy6fHy9IZejwSK0GDo=,KOkOzb/Ghch1GtBShzWvYM7Z+Go=
-11,-11,qFbgzaS1JCy6fHy9IZejwSK0GDo=,KOkOzb/Ghch1GtBShzWvYM7Z+Go=
-5,-11,qFbgzaS1JCy6fHy9IZejwSK0GDo=,6iwFbDA40qzvT/Rhg4vohct9cWw=
-6,-11,qFbgzaS1JCy6fHy9IZejwSK0GDo=,6iwFbDA40qzvT/Rhg4vohct9cWw=
-10,-11,qFbgzaS1JCy6fHy9IZejwSK0GDo=,KOkOzb/Ghch1GtBShzWvYM7Z+Go=
-4,-11,qFbgzaS1JCy6fHy9IZejwSK0GDo=,SgyDsQiqnmiYCA7cz1z3zz0LAmk=
-1,-11,qFbgzaS1JCy6fHy9IZejwSK0GDo=,SgyDsQiqnmiYCA7cz1z3zz0LAmk=
-11,-10,qFbgzaS1JCy6fHy9IZejwSK0GDo=,KOkOzb/Ghch1GtBShzWvYM7Z+Go=
-3,-11,qFbgzaS1JCy6fHy9IZejwSK0GDo=,SgyDsQiqnmiYCA7cz1z3zz0LAmk=
-11,-1,qFbgzaS1JCy6fHy9IZejwSK0GDo=,qf89y2rIUvJ5zikif2l+wKMtgKI=
-2,-11,qFbgzaS1JCy6fHy9IZejwSK0GDo=,SgyDsQiqnmiYCA7cz1z3zz0LAmk=
-11,-2,qFbgzaS1JCy6fHy9IZejwSK0GDo=,qf89y2rIUvJ5zikif2l+wKMtgKI=
