2,-4,aOcaQW+JIN6VC9lO6DaC75eqc2k=,ZX0qmGOEhPuPFMamWOfuV8al91o=
5,-5,aOcaQW+JIN6VC9lO6DaC75eqc2k=,XwkuYBVk/HUM4RarVYXl6QEjUyk=
5,-6,bTXSY7eXrnhR7+RVD0lJzoRDK3c=,XwkuYBVk/HUM4RarVYXl6QEjUyk=
4,-5,aOcaQW+JIN6VC9lO6DaC75eqc2k=,XwkuYBVk/HUM4RarVYXl6QEjUyk=
4,-6,bTXSY7eXrnhR7+RVD0lJzoRDK3c=,XwkuYBVk/HUM4RarVYXl6QEjUyk=
2,-6,aOcaQW+JIN6VC9lO6DaC75eqc2k=,V3jq8Lsu26iBugzLVpmWnTziW5o=
4,-4,bTXSY7eXrnhR7+RVD0lJzoRDK3c=,V81jKamirwjFNbl4Xw6BhstG+cc=
3,-3,bTXSY7eXrnhR7+RVD0lJzoRDK3c=,ZX0qmGOEhPuPFMamWOfuV8al91o=
2,-3,aOcaQW+JIN6VC9lO6DaC75eqc2k=,ZX0qmGOEhPuPFMamWOfuV8al91o=
3,-4,bTXSY7eXrnhR7+RVD0lJzoRDK3c=,ZX0qmGOEhPuPFMamWOfuV8al91o=
3,-5,aOcaQW+JIN6VC9lO6DaC75eqc2k=,V3jq8Lsu26iBugzLVpmWnTziW5o=
5,-3,bTXSY7eXrnhR7+RVD0lJzoRDK3c=,V81jKamirwjFNbl4Xw6BhstG+cc=
5,-4,aOcaQW+JIN6VC9lO6DaC75eqc2k=,V81jKamirwjFNbl4Xw6BhstG+cc=
4,-3,aOcaQW+JIN6VC9lO6DaC75eqc2k=,V81jKamirwjFNbl4Xw6BhstG+cc=
2,-5,bTXSY7eXrnhR7+RVD0lJzoRDK3c=,V3jq8Lsu26iBugzLVpmWnTziW5o=
3,-6,bTXSY7eXrnhR7+RVD0lJzoRDK3c=,V3jq8Lsu26iBugzLVpmWnTziW5o=
4,-10,QbAEpAimFSa5n379NWxu3SIMeTE=,S5HvxBt6XZoEDEFPaT5f9+uobis=
2,-10,0VbW4nNP6zCm8CQRHed3d/pazro=,rA3s0/KxawjaiuvlDDcUVyMiAyE=
5,-10,Uod4yEkAQaj/J5MPlDuPgTDrtsM=,S5HvxBt6XZoEDEFPaT5f9+uobis=
3,-10,0VbW4nNP6zCm8CQRHed3d/pazro=,rA3s0/KxawjaiuvlDDcUVyMiAyE=
2,-9,0VbW4nNP6zCm8CQRHed3d/pazro=,rA3s0/KxawjaiuvlDDcUVyMiAyE=
2,-8,QbAEpAimFSa5n379NWxu3SIMeTE=,V3jq8Lsu26iBugzLVpmWnTziW5o=
5,-8,Uod4yEkAQaj/J5MPlDuPgTDrtsM=,XwkuYBVk/HUM4RarVYXl6QEjUyk=
5,-9,Uod4yEkAQaj/J5MPlDuPgTDrtsM=,S5HvxBt6XZoEDEFPaT5f9+uobis=
4,-8,0VbW4nNP6zCm8CQRHed3d/pazro=,XwkuYBVk/HUM4RarVYXl6QEjUyk=
3,-9,0VbW4nNP6zCm8CQRHed3d/pazro=,rA3s0/KxawjaiuvlDDcUVyMiAyE=
5,-7,Uod4yEkAQaj/J5MPlDuPgTDrtsM=,XwkuYBVk/HUM4RarVYXl6QEjUyk=
3,-8,QbAEpAimFSa5n379NWxu3SIMeTE=,V3jq8Lsu26iBugzLVpmWnTziW5o=
4,-9,WzN/mEH5LXyK68kBk+jxta5bGoo=,S5HvxBt6XZoEDEFPaT5f9+uobis=
3,-7,QbAEpAimFSa5n379NWxu3SIMeTE=,V3jq8Lsu26iBugzLVpmWnTziW5o=
2,-7,Uod4yEkAQaj/J5MPlDuPgTDrtsM=,V3jq8Lsu26iBugzLVpmWnTziW5o=
4,-7,Uod4yEkAQaj/J5MPlDuPgTDrtsM=,XwkuYBVk/HUM4RarVYXl6QEjUyk=
9,-7,vkLIbMgKpvNpzsjv7lYsyEVu7xA=,YC2/Shgv8r5RvNYoLaMmg4oOMB4=
9,-8,vkLIbMgKpvNpzsjv7lYsyEVu7xA=,YC2/Shgv8r5RvNYoLaMmg4oOMB4=
6,-10,vkLIbMgKpvNpzsjv7lYsyEVu7xA=,S5HvxBt6XZoEDEFPaT5f9+uobis=
7,-8,vkLIbMgKpvNpzsjv7lYsyEVu7xA=,XwkuYBVk/HUM4RarVYXl6QEjUyk=
6,-8,vkLIbMgKpvNpzsjv7lYsyEVu7xA=,XwkuYBVk/HUM4RarVYXl6QEjUyk=
7,-9,ZZihsAfMNf54eN4g8x2fGCFSUmc=,S5HvxBt6XZoEDEFPaT5f9+uobis=
6,-7,vkLIbMgKpvNpzsjv7lYsyEVu7xA=,XwkuYBVk/HUM4RarVYXl6QEjUyk=
8,-7,vkLIbMgKpvNpzsjv7lYsyEVu7xA=,YC2/Shgv8r5RvNYoLaMmg4oOMB4=
8,-8,ZZihsAfMNf54eN4g8x2fGCFSUmc=,YC2/Shgv8r5RvNYoLaMmg4oOMB4=
9,-10,ZZihsAfMNf54eN4g8x2fGCFSUmc=,r0CGjWa1KIK0SGJ/GrUO0oJsbnw=
9,-9,ZZihsAfMNf54eN4g8x2fGCFSUmc=,r0CGjWa1KIK0SGJ/GrUO0oJsbnw=
8,-10,ZZihsAfMNf54eN4g8x2fGCFSUmc=,r0CGjWa1KIK0SGJ/GrUO0oJsbnw=
7,-10,vkLIbMgKpvNpzsjv7lYsyEVu7xA=,S5HvxBt6XZoEDEFPaT5f9+uobis=
6,-9,vkLIbMgKpvNpzsjv7lYsyEVu7xA=,S5HvxBt6XZoEDEFPaT5f9+uobis=
8,-9,ZZihsAfMNf54eN4g8x2fGCFSUmc=,r0CGjWa1KIK0SGJ/GrUO0oJsbnw=
7,-7,ZZihsAfMNf54eN4g8x2fGCFSUmc=,XwkuYBVk/HUM4RarVYXl6QEjUyk=
9,-3,UmtMHGBDxgty4ahhhZ6W9uiwlMM=,C8rJI/vwAy5vbbBvUyqhfAE7vUo=
9,-6,H1ss1YQ6iZaVA9THxlR1lwXIQcY=,YC2/Shgv8r5RvNYoLaMmg4oOMB4=
8,-3,H1ss1YQ6iZaVA9THxlR1lwXIQcY=,C8rJI/vwAy5vbbBvUyqhfAE7vUo=
8,-1,leEsTqvDV6uKn5a3T26/htRQ34o=,C8rJI/vwAy5vbbBvUyqhfAE7vUo=
8,-6,H1ss1YQ6iZaVA9THxlR1lwXIQcY=,YC2/Shgv8r5RvNYoLaMmg4oOMB4=
7,-3,H1ss1YQ6iZaVA9THxlR1lwXIQcY=,V81jKamirwjFNbl4Xw6BhstG+cc=
9,-5,UmtMHGBDxgty4ahhhZ6W9uiwlMM=,YC2/Shgv8r5RvNYoLaMmg4oOMB4=
9,-4,UmtMHGBDxgty4ahhhZ6W9uiwlMM=,C8rJI/vwAy5vbbBvUyqhfAE7vUo=
8,-4,UmtMHGBDxgty4ahhhZ6W9uiwlMM=,C8rJI/vwAy5vbbBvUyqhfAE7vUo=
6,-5,UmtMHGBDxgty4ahhhZ6W9uiwlMM=,XwkuYBVk/HUM4RarVYXl6QEjUyk=
3,-1,32NpRYLamNBdCzmnV4lUCYNbqMc=,ZX0qmGOEhPuPFMamWOfuV8al91o=
8,-2,32NpRYLamNBdCzmnV4lUCYNbqMc=,C8rJI/vwAy5vbbBvUyqhfAE7vUo=
7,-4,H1ss1YQ6iZaVA9THxlR1lwXIQcY=,V81jKamirwjFNbl4Xw6BhstG+cc=
8,-5,UmtMHGBDxgty4ahhhZ6W9uiwlMM=,YC2/Shgv8r5RvNYoLaMmg4oOMB4=
6,-3,H1ss1YQ6iZaVA9THxlR1lwXIQcY=,V81jKamirwjFNbl4Xw6BhstG+cc=
7,-5,H1ss1YQ6iZaVA9THxlR1lwXIQcY=,XwkuYBVk/HUM4RarVYXl6QEjUyk=
7,-6,H1ss1YQ6iZaVA9THxlR1lwXIQcY=,XwkuYBVk/HUM4RarVYXl6QEjUyk=
6,-6,H1ss1YQ6iZaVA9THxlR1lwXIQcY=,XwkuYBVk/HUM4RarVYXl6QEjUyk=
9,-1,leEsTqvDV6uKn5a3T26/htRQ34o=,C8rJI/vwAy5vbbBvUyqhfAE7vUo=
9,-2,32NpRYLamNBdCzmnV4lUCYNbqMc=,C8rJI/vwAy5vbbBvUyqhfAE7vUo=
6,-4,H1ss1YQ6iZaVA9THxlR1lwXIQcY=,V81jKamirwjFNbl4Xw6BhstG+cc=
7,-1,leEsTqvDV6uKn5a3T26/htRQ34o=,V81jKamirwjFNbl4Xw6BhstG+cc=
4,-1,32NpRYLamNBdCzmnV4lUCYNbqMc=,V81jKamirwjFNbl4Xw6BhstG+cc=
3,-2,32NpRYLamNBdCzmnV4lUCYNbqMc=,ZX0qmGOEhPuPFMamWOfuV8al91o=
4,-2,32NpRYLamNBdCzmnV4lUCYNbqMc=,V81jKamirwjFNbl4Xw6BhstG+cc=
2,-2,leEsTqvDV6uKn5a3T26/htRQ34o=,ZX0qmGOEhPuPFMamWOfuV8al91o=
2,-1,leEsTqvDV6uKn5a3T26/htRQ34o=,ZX0qmGOEhPuPFMamWOfuV8al91o=
0,-1,Uod4yEkAQaj/J5MPlDuPgTDrtsM=,ZX0qmGOEhPuPFMamWOfuV8al91o=
6,-2,32NpRYLamNBdCzmnV4lUCYNbqMc=,V81jKamirwjFNbl4Xw6BhstG+cc=
6,-1,leEsTqvDV6uKn5a3T26/htRQ34o=,V81jKamirwjFNbl4Xw6BhstG+cc=
0,-2,32NpRYLamNBdCzmnV4lUCYNbqMc=,ZX0qmGOEhPuPFMamWOfuV8al91o=
5,-1,leEsTqvDV6uKn5a3T26/htRQ34o=,V81jKamirwjFNbl4Xw6BhstG+cc=
7,-2,leEsTqvDV6uKn5a3T26/htRQ34o=,V81jKamirwjFNbl4Xw6BhstG+cc=
5,-2,32NpRYLamNBdCzmnV4lUCYNbqMc=,V81jKamirwjFNbl4Xw6BhstG+cc=
1,-7,Uod4yEkAQaj/J5MPlDuPgTDrtsM=,V3jq8Lsu26iBugzLVpmWnTziW5o=
0,-6,Uod4yEkAQaj/J5MPlDuPgTDrtsM=,V3jq8Lsu26iBugzLVpmWnTziW5o=
1,-9,WzN/mEH5LXyK68kBk+jxta5bGoo=,rA3s0/KxawjaiuvlDDcUVyMiAyE=
1,-1,32NpRYLamNBdCzmnV4lUCYNbqMc=,ZX0qmGOEhPuPFMamWOfuV8al91o=
1,-2,Uod4yEkAQaj/J5MPlDuPgTDrtsM=,ZX0qmGOEhPuPFMamWOfuV8al91o=
1,-5,Uod4yEkAQaj/J5MPlDuPgTDrtsM=,V3jq8Lsu26iBugzLVpmWnTziW5o=
1,-6,QbAEpAimFSa5n379NWxu3SIMeTE=,V3jq8Lsu26iBugzLVpmWnTziW5o=
0,-10,WzN/mEH5LXyK68kBk+jxta5bGoo=,rA3s0/KxawjaiuvlDDcUVyMiAyE=
1,-10,WzN/mEH5LXyK68kBk+jxta5bGoo=,rA3s0/KxawjaiuvlDDcUVyMiAyE=
0,-9,WzN/mEH5LXyK68kBk+jxta5bGoo=,rA3s0/KxawjaiuvlDDcUVyMiAyE=
1,-8,QbAEpAimFSa5n379NWxu3SIMeTE=,V3jq8Lsu26iBugzLVpmWnTziW5o=
0,-5,Uod4yEkAQaj/J5MPlDuPgTDrtsM=,V3jq8Lsu26iBugzLVpmWnTziW5o=
0,-8,QbAEpAimFSa5n379NWxu3SIMeTE=,V3jq8Lsu26iBugzLVpmWnTziW5o=
0,-7,WzN/mEH5LXyK68kBk+jxta5bGoo=,V3jq8Lsu26iBugzLVpmWnTziW5o=
1,-3,Uod4yEkAQaj/J5MPlDuPgTDrtsM=,ZX0qmGOEhPuPFMamWOfuV8al91o=
1,-4,32NpRYLamNBdCzmnV4lUCYNbqMc=,ZX0qmGOEhPuPFMamWOfuV8al91o=
0,-4,QbAEpAimFSa5n379NWxu3SIMeTE=,ZX0qmGOEhPuPFMamWOfuV8al91o=
0,-3,QbAEpAimFSa5n379NWxu3SIMeTE=,ZX0qmGOEhPuPFMamWOfuV8al91o=
7,-11,WzN/mEH5LXyK68kBk+jxta5bGoo=,S5HvxBt6XZoEDEFPaT5f9+uobis=
9,-11,WzN/mEH5LXyK68kBk+jxta5bGoo=,r0CGjWa1KIK0SGJ/GrUO0oJsbnw=
8,-11,QbAEpAimFSa5n379NWxu3SIMeTE=,r0CGjWa1KIK0SGJ/GrUO0oJsbnw=
6,-11,WzN/mEH5LXyK68kBk+jxta5bGoo=,S5HvxBt6XZoEDEFPaT5f9+uobis=
10,-10,leEsTqvDV6uKn5a3T26/htRQ34o=,r0CGjWa1KIK0SGJ/GrUO0oJsbnw=
10,-1,PEDEN0xMHAT8//RP0DuyYJmUzv4=,C8rJI/vwAy5vbbBvUyqhfAE7vUo=
10,-11,PEDEN0xMHAT8//RP0DuyYJmUzv4=,r0CGjWa1KIK0SGJ/GrUO0oJsbnw=
10,-3,PEDEN0xMHAT8//RP0DuyYJmUzv4=,C8rJI/vwAy5vbbBvUyqhfAE7vUo=
10,-2,PEDEN0xMHAT8//RP0DuyYJmUzv4=,C8rJI/vwAy5vbbBvUyqhfAE7vUo=
10,-7,leEsTqvDV6uKn5a3T26/htRQ34o=,YC2/Shgv8r5RvNYoLaMmg4oOMB4=
10,-6,leEsTqvDV6uKn5a3T26/htRQ34o=,YC2/Shgv8r5RvNYoLaMmg4oOMB4=
10,-9,leEsTqvDV6uKn5a3T26/htRQ34o=,r0CGjWa1KIK0SGJ/GrUO0oJsbnw=
5,-11,Uod4yEkAQaj/J5MPlDuPgTDrtsM=,S5HvxBt6XZoEDEFPaT5f9+uobis=
0,-11,WzN/mEH5LXyK68kBk+jxta5bGoo=,rA3s0/KxawjaiuvlDDcUVyMiAyE=
10,-4,PEDEN0xMHAT8//RP0DuyYJmUzv4=,C8rJI/vwAy5vbbBvUyqhfAE7vUo=
10,-5,PEDEN0xMHAT8//RP0DuyYJmUzv4=,YC2/Shgv8r5RvNYoLaMmg4oOMB4=
2,-11,0VbW4nNP6zCm8CQRHed3d/pazro=,rA3s0/KxawjaiuvlDDcUVyMiAyE=
1,-11,WzN/mEH5LXyK68kBk+jxta5bGoo=,rA3s0/KxawjaiuvlDDcUVyMiAyE=
3,-11,0VbW4nNP6zCm8CQRHed3d/pazro=,rA3s0/KxawjaiuvlDDcUVyMiAyE=
10,-8,PEDEN0xMHAT8//RP0DuyYJmUzv4=,YC2/Shgv8r5RvNYoLaMmg4oOMB4=
4,-11,0VbW4nNP6zCm8CQRHed3d/pazro=,S5HvxBt6XZoEDEFPaT5f9+uobis=
7,-12,0VbW4nNP6zCm8CQRHed3d/pazro=,S5HvxBt6XZoEDEFPaT5f9+uobis=
0,-12,WzN/mEH5LXyK68kBk+jxta5bGoo=,rA3s0/KxawjaiuvlDDcUVyMiAyE=
1,-12,WzN/mEH5LXyK68kBk+jxta5bGoo=,rA3s0/KxawjaiuvlDDcUVyMiAyE=
6,-12,WzN/mEH5LXyK68kBk+jxta5bGoo=,S5HvxBt6XZoEDEFPaT5f9+uobis=
3,-12,WzN/mEH5LXyK68kBk+jxta5bGoo=,rA3s0/KxawjaiuvlDDcUVyMiAyE=
2,-12,WzN/mEH5LXyK68kBk+jxta5bGoo=,rA3s0/KxawjaiuvlDDcUVyMiAyE=
9,-12,WzN/mEH5LXyK68kBk+jxta5bGoo=,r0CGjWa1KIK0SGJ/GrUO0oJsbnw=
8,-12,WzN/mEH5LXyK68kBk+jxta5bGoo=,r0CGjWa1KIK0SGJ/GrUO0oJsbnw=
4,-12,QbAEpAimFSa5n379NWxu3SIMeTE=,S5HvxBt6XZoEDEFPaT5f9+uobis=
5,-12,QbAEpAimFSa5n379NWxu3SIMeTE=,S5HvxBt6XZoEDEFPaT5f9+uobis=
11,-5,leEsTqvDV6uKn5a3T26/htRQ34o=,YC2/Shgv8r5RvNYoLaMmg4oOMB4=
11,-10,leEsTqvDV6uKn5a3T26/htRQ34o=,r0CGjWa1KIK0SGJ/GrUO0oJsbnw=
11,-9,leEsTqvDV6uKn5a3T26/htRQ34o=,r0CGjWa1KIK0SGJ/GrUO0oJsbnw=
11,-8,leEsTqvDV6uKn5a3T26/htRQ34o=,YC2/Shgv8r5RvNYoLaMmg4oOMB4=
11,-6,leEsTqvDV6uKn5a3T26/htRQ34o=,YC2/Shgv8r5RvNYoLaMmg4oOMB4=
11,-7,leEsTqvDV6uKn5a3T26/htRQ34o=,YC2/Shgv8r5RvNYoLaMmg4oOMB4=
11,-4,PEDEN0xMHAT8//RP0DuyYJmUzv4=,C8rJI/vwAy5vbbBvUyqhfAE7vUo=
11,-3,PEDEN0xMHAT8//RP0DuyYJmUzv4=,C8rJI/vwAy5vbbBvUyqhfAE7vUo=
11,-2,PEDEN0xMHAT8//RP0DuyYJmUzv4=,C8rJI/vwAy5vbbBvUyqhfAE7vUo=
11,-1,PEDEN0xMHAT8//RP0DuyYJmUzv4=,C8rJI/vwAy5vbbBvUyqhfAE7vUo=
11,-12,PEDEN0xMHAT8//RP0DuyYJmUzv4=,r0CGjWa1KIK0SGJ/GrUO0oJsbnw=
10,-12,PEDEN0xMHAT8//RP0DuyYJmUzv4=,r0CGjWa1KIK0SGJ/GrUO0oJsbnw=
11,-11,PEDEN0xMHAT8//RP0DuyYJmUzv4=,r0CGjWa1KIK0SGJ/GrUO0oJsbnw=
