2,8,E5mpTldFQYH2cjCV7wGOhPe28as=,OqBclPeTvw1sLPDb3ILscUHIrjY=
5,9,E5mpTldFQYH2cjCV7wGOhPe28as=,UQnWDU1Mwa6ZWLuAgC3H5rGDcAg=
5,8,E5mpTldFQYH2cjCV7wGOhPe28as=,UQnWDU1Mwa6ZWLuAgC3H5rGDcAg=
3,9,E5mpTldFQYH2cjCV7wGOhPe28as=,OqBclPeTvw1sLPDb3ILscUHIrjY=
3,8,E5mpTldFQYH2cjCV7wGOhPe28as=,OqBclPeTvw1sLPDb3ILscUHIrjY=
4,8,E5mpTldFQYH2cjCV7wGOhPe28as=,UQnWDU1Mwa6ZWLuAgC3H5rGDcAg=
2,9,E5mpTldFQYH2cjCV7wGOhPe28as=,OqBclPeTvw1sLPDb3ILscUHIrjY=
4,7,E5mpTldFQYH2cjCV7wGOhPe28as=,U3Qv1x4PQOiJ1B7AaBLSE+P7xzY=
4,9,E5mpTldFQYH2cjCV7wGOhPe28as=,UQnWDU1Mwa6ZWLuAgC3H5rGDcAg=
2,7,E5mpTldFQYH2cjCV7wGOhPe28as=,lhgqqRAVqWSJORjitPT63QvcYas=
3,7,E5mpTldFQYH2cjCV7wGOhPe28as=,lhgqqRAVqWSJORjitPT63QvcYas=
5,7,E5mpTldFQYH2cjCV7wGOhPe28as=,U3Qv1x4PQOiJ1B7AaBLSE+P7xzY=
5,6,E5mpTldFQYH2cjCV7wGOhPe28as=,U3Qv1x4PQOiJ1B7AaBLSE+P7xzY=
2,6,E5mpTldFQYH2cjCV7wGOhPe28as=,lhgqqRAVqWSJORjitPT63QvcYas=
3,6,E5mpTldFQYH2cjCV7wGOhPe28as=,lhgqqRAVqWSJORjitPT63QvcYas=
4,6,DIAvgeL9gFO+yowBQZ8bOjKMslI=,U3Qv1x4PQOiJ1B7AaBLSE+P7xzY=
5,4,IiuMR/QueOwg7Jru/H5mMR5Ws3M=,U3Qv1x4PQOiJ1B7AaBLSE+P7xzY=
4,4,IiuMR/QueOwg7Jru/H5mMR5Ws3M=,U3Qv1x4PQOiJ1B7AaBLSE+P7xzY=
5,2,LRpwjOUmSQ7gdKNim5X5uAIkbZg=,FW+YOMKZ/qZ3eP80qpsmkjwRebE=
4,5,IiuMR/QueOwg7Jru/H5mMR5Ws3M=,U3Qv1x4PQOiJ1B7AaBLSE+P7xzY=
9,4,aObJrlGQEzeuoEbzv1SWKd3FeoA=,YFmefNIM2feWnRTfZK3WYhYA3v4=
2,4,LRpwjOUmSQ7gdKNim5X5uAIkbZg=,lhgqqRAVqWSJORjitPT63QvcYas=
9,3,aObJrlGQEzeuoEbzv1SWKd3FeoA=,0l0vkidCVoc583LDz6USRFb9UHk=
2,3,LRpwjOUmSQ7gdKNim5X5uAIkbZg=,CT4D3lS9+U+09yZttDvJAieYNik=
2,5,LRpwjOUmSQ7gdKNim5X5uAIkbZg=,lhgqqRAVqWSJORjitPT63QvcYas=
6,2,jhZRGrLNSs6ifBnC272wkBqG3SA=,FW+YOMKZ/qZ3eP80qpsmkjwRebE=
9,2,aObJrlGQEzeuoEbzv1SWKd3FeoA=,0l0vkidCVoc583LDz6USRFb9UHk=
8,4,aObJrlGQEzeuoEbzv1SWKd3FeoA=,YFmefNIM2feWnRTfZK3WYhYA3v4=
8,3,aObJrlGQEzeuoEbzv1SWKd3FeoA=,0l0vkidCVoc583LDz6USRFb9UHk=
5,5,IiuMR/QueOwg7Jru/H5mMR5Ws3M=,U3Qv1x4PQOiJ1B7AaBLSE+P7xzY=
8,2,aObJrlGQEzeuoEbzv1SWKd3FeoA=,0l0vkidCVoc583LDz6USRFb9UHk=
7,4,aObJrlGQEzeuoEbzv1SWKd3FeoA=,U3Qv1x4PQOiJ1B7AaBLSE+P7xzY=
3,3,IiuMR/QueOwg7Jru/H5mMR5Ws3M=,CT4D3lS9+U+09yZttDvJAieYNik=
3,4,IiuMR/QueOwg7Jru/H5mMR5Ws3M=,lhgqqRAVqWSJORjitPT63QvcYas=
6,4,jhZRGrLNSs6ifBnC272wkBqG3SA=,U3Qv1x4PQOiJ1B7AaBLSE+P7xzY=
7,2,aObJrlGQEzeuoEbzv1SWKd3FeoA=,FW+YOMKZ/qZ3eP80qpsmkjwRebE=
7,3,x+v7Mp5TBrH92r/lvIKLgoiUdvY=,FW+YOMKZ/qZ3eP80qpsmkjwRebE=
6,3,aObJrlGQEzeuoEbzv1SWKd3FeoA=,FW+YOMKZ/qZ3eP80qpsmkjwRebE=
5,3,IiuMR/QueOwg7Jru/H5mMR5Ws3M=,FW+YOMKZ/qZ3eP80qpsmkjwRebE=
2,2,LRpwjOUmSQ7gdKNim5X5uAIkbZg=,CT4D3lS9+U+09yZttDvJAieYNik=
4,3,IiuMR/QueOwg7Jru/H5mMR5Ws3M=,FW+YOMKZ/qZ3eP80qpsmkjwRebE=
5,0,psZ4P6k7PZfKWQnuMwlkqQxRTZ0=,FW+YOMKZ/qZ3eP80qpsmkjwRebE=
3,5,IiuMR/QueOwg7Jru/H5mMR5Ws3M=,lhgqqRAVqWSJORjitPT63QvcYas=
3,2,IiuMR/QueOwg7Jru/H5mMR5Ws3M=,CT4D3lS9+U+09yZttDvJAieYNik=
7,5,aObJrlGQEzeuoEbzv1SWKd3FeoA=,U3Qv1x4PQOiJ1B7AaBLSE+P7xzY=
4,2,LRpwjOUmSQ7gdKNim5X5uAIkbZg=,FW+YOMKZ/qZ3eP80qpsmkjwRebE=
4,1,psZ4P6k7PZfKWQnuMwlkqQxRTZ0=,FW+YOMKZ/qZ3eP80qpsmkjwRebE=
6,5,aObJrlGQEzeuoEbzv1SWKd3FeoA=,U3Qv1x4PQOiJ1B7AaBLSE+P7xzY=
4,0,psZ4P6k7PZfKWQnuMwlkqQxRTZ0=,FW+YOMKZ/qZ3eP80qpsmkjwRebE=
2,0,xkklhbLHQxrsBDkdT+5/CkFn8MI=,CT4D3lS9+U+09yZttDvJAieYNik=
8,5,aObJrlGQEzeuoEbzv1SWKd3FeoA=,YFmefNIM2feWnRTfZK3WYhYA3v4=
9,5,aObJrlGQEzeuoEbzv1SWKd3FeoA=,YFmefNIM2feWnRTfZK3WYhYA3v4=
5,1,xkklhbLHQxrsBDkdT+5/CkFn8MI=,FW+YOMKZ/qZ3eP80qpsmkjwRebE=
3,1,xkklhbLHQxrsBDkdT+5/CkFn8MI=,CT4D3lS9+U+09yZttDvJAieYNik=
6,0,xkklhbLHQxrsBDkdT+5/CkFn8MI=,FW+YOMKZ/qZ3eP80qpsmkjwRebE=
3,0,psZ4P6k7PZfKWQnuMwlkqQxRTZ0=,CT4D3lS9+U+09yZttDvJAieYNik=
9,0,BSimeHN2//+XhVQ2A3aZvqEIsBY=,0l0vkidCVoc583LDz6USRFb9UHk=
2,1,psZ4P6k7PZfKWQnuMwlkqQxRTZ0=,CT4D3lS9+U+09yZttDvJAieYNik=
8,0,xkklhbLHQxrsBDkdT+5/CkFn8MI=,0l0vkidCVoc583LDz6USRFb9UHk=
7,0,xkklhbLHQxrsBDkdT+5/CkFn8MI=,FW+YOMKZ/qZ3eP80qpsmkjwRebE=
1,6,DIAvgeL9gFO+yowBQZ8bOjKMslI=,lhgqqRAVqWSJORjitPT63QvcYas=
6,1,xkklhbLHQxrsBDkdT+5/CkFn8MI=,FW+YOMKZ/qZ3eP80qpsmkjwRebE=
0,2,BSimeHN2//+XhVQ2A3aZvqEIsBY=,CT4D3lS9+U+09yZttDvJAieYNik=
7,6,aObJrlGQEzeuoEbzv1SWKd3FeoA=,U3Qv1x4PQOiJ1B7AaBLSE+P7xzY=
1,5,xkklhbLHQxrsBDkdT+5/CkFn8MI=,lhgqqRAVqWSJORjitPT63QvcYas=
0,4,xkklhbLHQxrsBDkdT+5/CkFn8MI=,lhgqqRAVqWSJORjitPT63QvcYas=
0,6,DIAvgeL9gFO+yowBQZ8bOjKMslI=,lhgqqRAVqWSJORjitPT63QvcYas=
0,5,psZ4P6k7PZfKWQnuMwlkqQxRTZ0=,lhgqqRAVqWSJORjitPT63QvcYas=
7,1,xkklhbLHQxrsBDkdT+5/CkFn8MI=,FW+YOMKZ/qZ3eP80qpsmkjwRebE=
0,3,xkklhbLHQxrsBDkdT+5/CkFn8MI=,CT4D3lS9+U+09yZttDvJAieYNik=
9,1,xkklhbLHQxrsBDkdT+5/CkFn8MI=,0l0vkidCVoc583LDz6USRFb9UHk=
8,1,xkklhbLHQxrsBDkdT+5/CkFn8MI=,0l0vkidCVoc583LDz6USRFb9UHk=
0,1,BSimeHN2//+XhVQ2A3aZvqEIsBY=,CT4D3lS9+U+09yZttDvJAieYNik=
7,9,jhZRGrLNSs6ifBnC272wkBqG3SA=,UQnWDU1Mwa6ZWLuAgC3H5rGDcAg=
1,8,DIAvgeL9gFO+yowBQZ8bOjKMslI=,OqBclPeTvw1sLPDb3ILscUHIrjY=
8,6,aObJrlGQEzeuoEbzv1SWKd3FeoA=,YFmefNIM2feWnRTfZK3WYhYA3v4=
1,4,xkklhbLHQxrsBDkdT+5/CkFn8MI=,lhgqqRAVqWSJORjitPT63QvcYas=
1,3,BSimeHN2//+XhVQ2A3aZvqEIsBY=,CT4D3lS9+U+09yZttDvJAieYNik=
7,8,jhZRGrLNSs6ifBnC272wkBqG3SA=,UQnWDU1Mwa6ZWLuAgC3H5rGDcAg=
1,2,BSimeHN2//+XhVQ2A3aZvqEIsBY=,CT4D3lS9+U+09yZttDvJAieYNik=
9,8,jhZRGrLNSs6ifBnC272wkBqG3SA=,9FnJsFpULJqZIUQWk33osA+S3SE=
0,0,BSimeHN2//+XhVQ2A3aZvqEIsBY=,CT4D3lS9+U+09yZttDvJAieYNik=
0,8,DIAvgeL9gFO+yowBQZ8bOjKMslI=,OqBclPeTvw1sLPDb3ILscUHIrjY=
0,7,bX1Zz2NRB7lTkrT6/HWcdiQFgnA=,lhgqqRAVqWSJORjitPT63QvcYas=
9,6,aObJrlGQEzeuoEbzv1SWKd3FeoA=,YFmefNIM2feWnRTfZK3WYhYA3v4=
1,7,DIAvgeL9gFO+yowBQZ8bOjKMslI=,lhgqqRAVqWSJORjitPT63QvcYas=
8,8,jhZRGrLNSs6ifBnC272wkBqG3SA=,9FnJsFpULJqZIUQWk33osA+S3SE=
6,9,jhZRGrLNSs6ifBnC272wkBqG3SA=,UQnWDU1Mwa6ZWLuAgC3H5rGDcAg=
8,9,jhZRGrLNSs6ifBnC272wkBqG3SA=,9FnJsFpULJqZIUQWk33osA+S3SE=
6,8,jhZRGrLNSs6ifBnC272wkBqG3SA=,UQnWDU1Mwa6ZWLuAgC3H5rGDcAg=
7,7,x+v7Mp5TBrH92r/lvIKLgoiUdvY=,U3Qv1x4PQOiJ1B7AaBLSE+P7xzY=
1,1,xkklhbLHQxrsBDkdT+5/CkFn8MI=,CT4D3lS9+U+09yZttDvJAieYNik=
1,9,DIAvgeL9gFO+yowBQZ8bOjKMslI=,OqBclPeTvw1sLPDb3ILscUHIrjY=
9,9,jhZRGrLNSs6ifBnC272wkBqG3SA=,9FnJsFpULJqZIUQWk33osA+S3SE=
1,0,BSimeHN2//+XhVQ2A3aZvqEIsBY=,CT4D3lS9+U+09yZttDvJAieYNik=
9,7,jhZRGrLNSs6ifBnC272wkBqG3SA=,YFmefNIM2feWnRTfZK3WYhYA3v4=
0,9,DIAvgeL9gFO+yowBQZ8bOjKMslI=,OqBclPeTvw1sLPDb3ILscUHIrjY=
6,6,aObJrlGQEzeuoEbzv1SWKd3FeoA=,U3Qv1x4PQOiJ1B7AaBLSE+P7xzY=
6,7,aObJrlGQEzeuoEbzv1SWKd3FeoA=,U3Qv1x4PQOiJ1B7AaBLSE+P7xzY=
8,7,aObJrlGQEzeuoEbzv1SWKd3FeoA=,YFmefNIM2feWnRTfZK3WYhYA3v4=
9,10,bX1Zz2NRB7lTkrT6/HWcdiQFgnA=,9FnJsFpULJqZIUQWk33osA+S3SE=
7,10,bX1Zz2NRB7lTkrT6/HWcdiQFgnA=,UQnWDU1Mwa6ZWLuAgC3H5rGDcAg=
8,10,psZ4P6k7PZfKWQnuMwlkqQxRTZ0=,9FnJsFpULJqZIUQWk33osA+S3SE=
6,10,bX1Zz2NRB7lTkrT6/HWcdiQFgnA=,UQnWDU1Mwa6ZWLuAgC3H5rGDcAg=
10,10,BSimeHN2//+XhVQ2A3aZvqEIsBY=,9FnJsFpULJqZIUQWk33osA+S3SE=
10,7,DIAvgeL9gFO+yowBQZ8bOjKMslI=,YFmefNIM2feWnRTfZK3WYhYA3v4=
4,10,bX1Zz2NRB7lTkrT6/HWcdiQFgnA=,UQnWDU1Mwa6ZWLuAgC3H5rGDcAg=
5,10,bX1Zz2NRB7lTkrT6/HWcdiQFgnA=,UQnWDU1Mwa6ZWLuAgC3H5rGDcAg=
3,10,bX1Zz2NRB7lTkrT6/HWcdiQFgnA=,OqBclPeTvw1sLPDb3ILscUHIrjY=
0,10,BSimeHN2//+XhVQ2A3aZvqEIsBY=,OqBclPeTvw1sLPDb3ILscUHIrjY=
10,4,e6vxV66Auz0B+Hv0ETGgkGQHHKQ=,YFmefNIM2feWnRTfZK3WYhYA3v4=
10,6,DIAvgeL9gFO+yowBQZ8bOjKMslI=,YFmefNIM2feWnRTfZK3WYhYA3v4=
1,10,BSimeHN2//+XhVQ2A3aZvqEIsBY=,OqBclPeTvw1sLPDb3ILscUHIrjY=
10,9,DIAvgeL9gFO+yowBQZ8bOjKMslI=,9FnJsFpULJqZIUQWk33osA+S3SE=
2,10,bX1Zz2NRB7lTkrT6/HWcdiQFgnA=,OqBclPeTvw1sLPDb3ILscUHIrjY=
10,5,e6vxV66Auz0B+Hv0ETGgkGQHHKQ=,YFmefNIM2feWnRTfZK3WYhYA3v4=
10,2,e6vxV66Auz0B+Hv0ETGgkGQHHKQ=,0l0vkidCVoc583LDz6USRFb9UHk=
10,3,e6vxV66Auz0B+Hv0ETGgkGQHHKQ=,0l0vkidCVoc583LDz6USRFb9UHk=
10,8,DIAvgeL9gFO+yowBQZ8bOjKMslI=,9FnJsFpULJqZIUQWk33osA+S3SE=
10,0,e6vxV66Auz0B+Hv0ETGgkGQHHKQ=,0l0vkidCVoc583LDz6USRFb9UHk=
10,1,e6vxV66Auz0B+Hv0ETGgkGQHHKQ=,0l0vkidCVoc583LDz6USRFb9UHk=
11,6,DIAvgeL9gFO+yowBQZ8bOjKMslI=,YFmefNIM2feWnRTfZK3WYhYA3v4=
11,7,DIAvgeL9gFO+yowBQZ8bOjKMslI=,YFmefNIM2feWnRTfZK3WYhYA3v4=
11,8,DIAvgeL9gFO+yowBQZ8bOjKMslI=,9FnJsFpULJqZIUQWk33osA+S3SE=
11,9,DIAvgeL9gFO+yowBQZ8bOjKMslI=,9FnJsFpULJqZIUQWk33osA+S3SE=
5,11,bX1Zz2NRB7lTkrT6/HWcdiQFgnA=,UQnWDU1Mwa6ZWLuAgC3H5rGDcAg=
4,11,bX1Zz2NRB7lTkrT6/HWcdiQFgnA=,UQnWDU1Mwa6ZWLuAgC3H5rGDcAg=
3,11,bX1Zz2NRB7lTkrT6/HWcdiQFgnA=,OqBclPeTvw1sLPDb3ILscUHIrjY=
2,11,bX1Zz2NRB7lTkrT6/HWcdiQFgnA=,OqBclPeTvw1sLPDb3ILscUHIrjY=
9,11,bX1Zz2NRB7lTkrT6/HWcdiQFgnA=,9FnJsFpULJqZIUQWk33osA+S3SE=
8,11,bX1Zz2NRB7lTkrT6/HWcdiQFgnA=,9FnJsFpULJqZIUQWk33osA+S3SE=
6,11,bX1Zz2NRB7lTkrT6/HWcdiQFgnA=,UQnWDU1Mwa6ZWLuAgC3H5rGDcAg=
7,11,bX1Zz2NRB7lTkrT6/HWcdiQFgnA=,UQnWDU1Mwa6ZWLuAgC3H5rGDcAg=
10,11,BSimeHN2//+XhVQ2A3aZvqEIsBY=,9FnJsFpULJqZIUQWk33osA+S3SE=
11,11,BSimeHN2//+XhVQ2A3aZvqEIsBY=,9FnJsFpULJqZIUQWk33osA+S3SE=
0,11,BSimeHN2//+XhVQ2A3aZvqEIsBY=,OqBclPeTvw1sLPDb3ILscUHIrjY=
1,11,BSimeHN2//+XhVQ2A3aZvqEIsBY=,OqBclPeTvw1sLPDb3ILscUHIrjY=
11,10,BSimeHN2//+XhVQ2A3aZvqEIsBY=,9FnJsFpULJqZIUQWk33osA+S3SE=
11,4,e6vxV66Auz0B+Hv0ETGgkGQHHKQ=,YFmefNIM2feWnRTfZK3WYhYA3v4=
11,3,e6vxV66Auz0B+Hv0ETGgkGQHHKQ=,0l0vkidCVoc583LDz6USRFb9UHk=
11,5,e6vxV66Auz0B+Hv0ETGgkGQHHKQ=,YFmefNIM2feWnRTfZK3WYhYA3v4=
11,0,e6vxV66Auz0B+Hv0ETGgkGQHHKQ=,0l0vkidCVoc583LDz6USRFb9UHk=
11,2,e6vxV66Auz0B+Hv0ETGgkGQHHKQ=,0l0vkidCVoc583LDz6USRFb9UHk=
11,1,e6vxV66Auz0B+Hv0ETGgkGQHHKQ=,0l0vkidCVoc583LDz6USRFb9UHk=
